Title,Title_URL,Image,onsale,add_to_wishlist_URL,add_to_wishlist,View,Category,Price,discounted_price,Type_URL,Type,IsValidURL,Product_ID_from_Title,Discount_Percentage,Dimensions,Has_Image
5 Pcs Pederson Vaginal Speculum Set – Large | SM3291,https://surgicalmart.com/shop/surgical-instruments/gynecology/5-pcs-pederson-vaginal-speculum-set-large-sm3291/,https://surgicalmart.com/wp-content/uploads/2023/03/5-pederson-vaginal-speculum-large-surgicalmart-247x247.jpg,-45.0,https://surgicalmart.com/product-category/surgical-instruments/page/78/?add_to_wishlist=39384&_wpnonce=3abbd17aba,Add to Wishlist,QUICK VIEW,Gynecology,99.99,54.99,https://surgicalmart.com/product-category/surgical-instruments/page/78/?add-to-cart=39384,ADD TO CART,True,SM3291,45.004500450045,,1
EMT Backboard Spine Board Stretcher Immobilization Kit – Free Trauma Bag – Black | SM4467,https://surgicalmart.com/shop/surgical-instruments/stretchers-immobilization/emt-backboard-spine-board-stretcher-immobilization-kit-free-trauma-bag-black-sm4467/,https://surgicalmart.com/wp-content/uploads/2023/05/spine-board-stretcher-backboard-immobilization-kit-black-surgicalmart-247x247.jpg,-45.0,https://surgicalmart.com/product-category/surgical-instruments/page/12/?add_to_wishlist=41927&_wpnonce=3abbd17aba,Add to Wishlist,QUICK VIEW,Stretchers & Immobilization,545.45,299.99,https://surgicalmart.com/product-category/surgical-instruments/page/12/?add-to-cart=41927,ADD TO CART,True,SM4467,45.00137501145844,,1
"7 Pcs Scalpel Handles Set #3, #4, #3L, #4L, #5, #6 and #7 – Reusable| SM4820",https://surgicalmart.com/shop/surgical-instruments/scalpel-handle/7-pcs-scalpel-handles-set-sm4820/,https://surgicalmart.com/wp-content/uploads/2024/04/7pcs-scalpel-handles-set-surgicalmart-247x247.jpg,-45.0,https://surgicalmart.com/product-category/surgical-instruments/page/105/?add_to_wishlist=56329&_wpnonce=3abbd17aba,Add to Wishlist,QUICK VIEW,Scalpel Handle,79.99,43.99,https://surgicalmart.com/product-category/surgical-instruments/page/105/?add-to-cart=56329,ADD TO CART,True,SM4820,45.0056257032129,,1
Olsen Hegar Suture Needle Holder Driver 4.5″ with Scissor | SM4544,https://surgicalmart.com/shop/surgical-instruments/needle-holders-surgical/olsen-hegar-suture-needle-holder-driver-4-5-with-scissor-sm4544/,https://surgicalmart.com/wp-content/uploads/2023/07/olsen-hegar-needl-holder-driver-4.5-with-scissor-surgicalmart-247x247.jpg,-45.0,https://surgicalmart.com/product-category/surgical-instruments/page/17/?add_to_wishlist=47412&_wpnonce=3abbd17aba,Add to Wishlist,QUICK VIEW,Needle Holders,14.52,7.99,https://surgicalmart.com/product-category/surgical-instruments/page/17/?add-to-cart=47412,ADD TO CART,True,SM4544,44.972451790633606,4.5″,1
Castroviejo Micro Needle Holder 5″ Curved Smooth Tip with Lock | SM4487,https://surgicalmart.com/shop/surgical-instruments/needle-holders-surgical/castroviejo-micro-needle-holder-5-curved-smooth-tip-with-lock-sm4487/,https://surgicalmart.com/wp-content/uploads/2023/06/castroviejo-micro-needle-holder-5inch-curved-smooth-tips-surgicalmart-247x247.jpg,-45.0,https://surgicalmart.com/product-category/surgical-instruments/page/37/?add_to_wishlist=45874&_wpnonce=3abbd17aba,Add to Wishlist,QUICK VIEW,Needle Holders,16.35,8.99,https://surgicalmart.com/product-category/surgical-instruments/page/37/?add-to-cart=45874,ADD TO CART,True,SM4487,45.01529051987768,5″,1
Set of 3 Lister Bandage Scissors 4.5″ 5.5″ 7.25″ | SM2030,https://surgicalmart.com/shop/surgical-instruments/surgical-scissors/3-lister-scissors-sm2030/,https://surgicalmart.com/wp-content/uploads/2017/05/set-of-3-lister-bandage-scissors-4-5-5-5-7-25-surgicalmart-247x247.jpg,-45.0,https://surgicalmart.com/product-category/surgical-instruments/page/34/?add_to_wishlist=25169&_wpnonce=3abbd17aba,Add to Wishlist,QUICK VIEW,Surgical Instruments,29.99,16.49,https://surgicalmart.com/product-category/surgical-instruments/page/34/?add-to-cart=25169,ADD TO CART,True,SM2030,45.01500500166723,4.5″,1
10 Kelly Hemostat Forceps 5.5″ Set Curved | SM2737,https://surgicalmart.com/shop/surgical-instruments/hemostatic-forceps/10-kelly-hemostat-forceps-5-5-set-curved-sm2737/,https://surgicalmart.com/wp-content/uploads/2022/07/10-kelly-forceps-curved-14cm-surgicalmart-247x247.jpg,-45.0,https://surgicalmart.com/product-category/surgical-instruments/page/5/?add_to_wishlist=31847&_wpnonce=3abbd17aba,Add to Wishlist,QUICK VIEW,Hemostatic Forceps,29.5,16.23,https://surgicalmart.com/product-category/surgical-instruments/page/5/?add-to-cart=31847,ADD TO CART,True,SM2737,44.983050847457626,5.5″,1
5 Iris Scissors 4.5″ Straight | SM2001,https://surgicalmart.com/shop/dental-instruments/dental-scissor/iris-scissors-4-5-straight-sm2001/,Missing_URL,-45.0,https://surgicalmart.com/product-category/surgical-instruments/page/84/?add_to_wishlist=25379&_wpnonce=3abbd17aba,Add to Wishlist,QUICK VIEW,Dental Instruments,74.52,40.99,https://surgicalmart.com/product-category/surgical-instruments/page/84/?add-to-cart=25379,ADD TO CART,True,SM2001,44.99463231347288,4.5″,0
Frazier Suction Tube Set of 12 with Finger Cut-Off Angled | SM3762,https://surgicalmart.com/shop/surgical-instruments/ent-instruments/frazier-suction-tube-set-of-12-with-finger-cut-off-angled-sm3762/,Missing_URL,-45.0,https://surgicalmart.com/product-category/surgical-instruments/page/78/?add_to_wishlist=36655&_wpnonce=3abbd17aba,Add to Wishlist,QUICK VIEW,Ent Instruments,127.25,69.99,https://surgicalmart.com/product-category/surgical-instruments/page/78/?add-to-cart=36655,ADD TO CART,True,SM3762,44.99803536345777,,0
Randall Kidney Stone Forceps 7.75″ Three Quarter Curved | SM2945,https://surgicalmart.com/shop/surgical-instruments/hemostatic-forceps/randall-kidney-stone-forceps-7-75-three-quarter-curved-sm2945/,Missing_URL,-45.0,https://surgicalmart.com/product-category/surgical-instruments/page/119/?add_to_wishlist=37351&_wpnonce=3abbd17aba,Add to Wishlist,QUICK VIEW,Gall Bladder Surgical Instruments,25.45,13.99,https://surgicalmart.com/product-category/surgical-instruments/page/119/?add-to-cart=37351,ADD TO CART,True,SM2945,45.02946954813359,7.75″,0
100 Littauer Spencer Stitch Suture Scissors 4.5″  | SM2032,https://surgicalmart.com/shop/surgical-instruments/surgical-scissors/littauer-scissors-sm2032/,Missing_URL,-45.0,https://surgicalmart.com/product-category/surgical-instruments/page/132/?add_to_wishlist=25173&_wpnonce=3abbd17aba,Add to Wishlist,QUICK VIEW,Surgical Instruments,499.99,274.99,https://surgicalmart.com/product-category/surgical-instruments/page/132/?add-to-cart=25173,ADD TO CART,True,SM2032,45.00090001800036,4.5″,0
Von Eicken Antrum Cannula 6″ Long Curved 3mm Bulbous Tip | SM5179,https://surgicalmart.com/shop/surgical-instruments/rhinology/von-eicken-antrum-cannula-long-curved-3mm-tip-sm5179/,Missing_URL,-45.0,https://surgicalmart.com/product-category/surgical-instruments/page/94/?add_to_wishlist=63364&_wpnonce=3abbd17aba,Add to Wishlist,QUICK VIEW,Rhinology,72.7,39.99,https://surgicalmart.com/product-category/surgical-instruments/page/94/?add-to-cart=63364,ADD TO CART,True,SM5179,44.99312242090784,6″,0
Magnifying Splinter Forcep Tweezer 3.5″ Fine Pointed Tips | SM5216,https://surgicalmart.com/shop/surgical-instruments/home-surgical-kits/magnifying-splinter-tweezer-forcep-sm5216/,https://surgicalmart.com/wp-content/uploads/2025/01/magnifying-splinter-forcep-tweezer-3-5-surgicalmart-247x247.jpg,-45.0,https://surgicalmart.com/product-category/surgical-instruments/page/92/?add_to_wishlist=65268&_wpnonce=3abbd17aba,Add to Wishlist,QUICK VIEW,Home Surgical Kits,14.52,7.99,https://surgicalmart.com/product-category/surgical-instruments/page/92/?add-to-cart=65268,ADD TO CART,True,SM5216,44.972451790633606,3.5″,1
Lorna Non-Perforating Towel Clamp 4″ Inward Curved Jaws | SM4890,https://surgicalmart.com/shop/surgical-instruments/towel-clamps/lorna-non-perforating-towel-clamp-4-sm4890/,https://surgicalmart.com/wp-content/uploads/2024/05/lorna-non-perforating-towel-clamps-4-curved-jaws-surgicalmart-247x247.jpg,-45.0,https://surgicalmart.com/product-category/surgical-instruments/page/55/?add_to_wishlist=57399&_wpnonce=3abbd17aba,Add to Wishlist,QUICK VIEW,Surgical Instruments,16.35,8.99,https://surgicalmart.com/product-category/surgical-instruments/page/55/?add-to-cart=57399,ADD TO CART,True,SM4890,45.01529051987768,4″,1
Multi Rainbow Mosquito Forceps 5″ Straight | SM4425,https://surgicalmart.com/shop/surgical-instruments/hemostatic-forceps/multi-rainbow-mosquito-forceps-5-straight-sm4425/,Missing_URL,-45.0,https://surgicalmart.com/product-category/surgical-instruments/page/113/?add_to_wishlist=40934&_wpnonce=3abbd17aba,Add to Wishlist,QUICK VIEW,Hemostatic Forceps,14.52,7.99,https://surgicalmart.com/product-category/surgical-instruments/page/113/?add-to-cart=40934,ADD TO CART,True,SM4425,44.972451790633606,5″,0
Sarot Needle Holder | SM1815,https://surgicalmart.com/shop/surgical-instruments/needle-holders-surgical/sarot-needle-holder-sm1815/,Missing_URL,-45.0,https://surgicalmart.com/product-category/surgical-instruments/page/136/?add_to_wishlist=24348&_wpnonce=3abbd17aba,Add to Wishlist,QUICK VIEW,Needle Holders,27.66,15.21,https://surgicalmart.com/product-category/surgical-instruments/page/136/?add-to-cart=24348,ADD TO CART,True,SM1815,45.01084598698482,,0
Lahey Gall Duct Forceps 7.5″ Curved Longitudinal Serrated Jaws | SM4960,https://surgicalmart.com/shop/surgical-instruments/gall-bladder-instruments/lahey-gall-duct-forceps-7-5-curved-sm4960/,https://surgicalmart.com/wp-content/uploads/2024/07/lahey-gall-duct-forceps-7-5-curved-longitudinal-serrated-jaws-surgicalmart-247x247.jpg,-45.0,https://surgicalmart.com/product-category/surgical-instruments/page/101/?add_to_wishlist=58898&_wpnonce=3abbd17aba,Add to Wishlist,QUICK VIEW,Gall Bladder Surgical Instruments,18.15,9.99,https://surgicalmart.com/product-category/surgical-instruments/page/101/?add-to-cart=58898,ADD TO CART,True,SM4960,44.95867768595041,7.5″,1
T/C Adson Tissue Forceps 1×2 Teeth 4.75″ Gold Handle| SM4560,https://surgicalmart.com/shop/surgical-instruments/dressing-forceps/tc-adson-tissue-forceps-1x2-teeth-4-75-gold-handle-sm4560/,https://surgicalmart.com/wp-content/uploads/2023/07/tc-adson-tissue-forceps-1x2-teeth-surgicalmart-247x247.jpg,-45.0,https://surgicalmart.com/product-category/surgical-instruments/page/12/?add_to_wishlist=47696&_wpnonce=3abbd17aba,Add to Wishlist,QUICK VIEW,Dressing Forceps,19.99,10.99,https://surgicalmart.com/product-category/surgical-instruments/page/12/?add-to-cart=47696,ADD TO CART,True,SM4560,45.022511255627805,4.75″,1
"3 Spencer Stitch Scissors 3.5″, 4.5″ & 5.5″ | SM3781",https://surgicalmart.com/shop/surgical-instruments/surgical-scissors/3-spencer-stitch-scissors-3-5-4-5-5-5-sm3781/,https://surgicalmart.com/wp-content/uploads/2023/01/3-spencer-stitch-scissors-set-surgicalmart-247x247.jpg,-45.0,https://surgicalmart.com/product-category/surgical-instruments/page/37/?add_to_wishlist=37629&_wpnonce=3abbd17aba,Add to Wishlist,QUICK VIEW,Surgical Instruments,30.89,16.99,https://surgicalmart.com/product-category/surgical-instruments/page/37/?add-to-cart=37629,ADD TO CART,True,SM3781,44.99838135318874,3.5″,1
2 Iris Scissors Set 3.5″ Straight + Curved | SM3034,https://surgicalmart.com/shop/surgical-instruments/surgical-scissors/2-iris-scissors-set-3-5-straight-curved-sm3034/,https://surgicalmart.com/wp-content/uploads/2017/05/10-iris-scissors-straight-curved-3-5-surgcialmart-247x247.jpg,-45.0,https://surgicalmart.com/product-category/surgical-instruments/page/14/?add_to_wishlist=37945&_wpnonce=3abbd17aba,Add to Wishlist,QUICK VIEW,Surgical Instruments,20.89,11.49,https://surgicalmart.com/product-category/surgical-instruments/page/14/?add-to-cart=37945,ADD TO CART,True,SM3034,44.997606510292,3.5″,1
10 Pcs Disposable Scalpel Blades #24 with Plastic Handle | SM2731,https://surgicalmart.com/shop/surgical-instruments/scalpel-handle/10-pcs-disposable-scalpel-blades-24-with-plastic-handle-sm2731/,https://surgicalmart.com/wp-content/uploads/2022/04/10-disposable-scalpel-blades-24-with-plastic-handle-surgicalmart-1-247x247.jpg,-45.0,https://surgicalmart.com/product-category/surgical-instruments/page/34/?add_to_wishlist=29646&_wpnonce=3abbd17aba,Add to Wishlist,QUICK VIEW,Scalpel Handle,18.13,9.98,https://surgicalmart.com/product-category/surgical-instruments/page/34/?add-to-cart=29646,ADD TO CART,True,SM2731,44.953116381687806,,1
2 Pcs Red EMT First Responder 7.5″ Scissor & Penlight Set | SM2821,https://surgicalmart.com/shop/surgical-instruments/surgical-scissors/2-pcs-red-emt-first-responder-7-5-scissor-penlight-set-sm2821/,https://surgicalmart.com/wp-content/uploads/2022/03/emt-shears-penlight-2-pcs-set-red-surgicalmart-247x247.jpg,-45.0,https://surgicalmart.com/product-category/surgical-instruments/page/83/?add_to_wishlist=29491&_wpnonce=3abbd17aba,Add to Wishlist,QUICK VIEW,Surgical Instruments,18.15,9.99,https://surgicalmart.com/product-category/surgical-instruments/page/83/?add-to-cart=29491,ADD TO CART,True,SM2821,44.95867768595041,7.5″,1
Kristeller Vaginal Speculum | SM1734,https://surgicalmart.com/shop/surgical-instruments/gynecology/kristeller-vaginal-speculum-sm1734/,Missing_URL,-45.0,https://surgicalmart.com/product-category/surgical-instruments/page/88/?add_to_wishlist=23697&_wpnonce=3abbd17aba,Add to Wishlist,QUICK VIEW,Gynecology,151.31,83.23,https://surgicalmart.com/product-category/surgical-instruments/page/88/?add-to-cart=23697,ADD TO CART,True,SM1734,44.99372149890952,,0
