User_Type,Budget($),Purchased_Items
Clinic,10729,"SM3291, SM4467, SM4820, SM4544, SM4487"
Surgeon,14852,"SM1632, SM2600"
Procurement Officer,2400,"SM2818, SM2763"
Hospital,31158,"SM1981, SM2701, SM5155, SM4625"
Surgeon,12855,"SM2030, SM2737, SM2001, SM3762"
Hospital,30934,"SM4519, SM4323"
Clinic,12946,"SM2945, SM2032, SM5179, SM5216, SM4890"
Clinic,17916,"SM4425, SM1815, SM4960, SM4560, SM3781"
Clinic,9045,"SM3034, SM2731, SM2821, SM1734"
Procurement Officer,3546,"SM1630, SM3085"
Surgeon,12254,"SM2854, SM1849, SM4414, SM2787"
Surgeon,8362,"SM2823, SM3702"
Clinic,14669,"SM5003, SM1839, SM2586"
Surgeon,5364,"SM2826, SM3230"
Procurement Officer,7318,"SM3512, SM3145"
Clinic,9942,"SM4303, SM3851"
Surgeon,13703,"SM3725, SM4646, SM1709, SM2847"
Surgeon,5121,"SM4848, SM1885, SM4799"
Procurement Officer,4010,"SM4364, SM1915, SM1809"
Surgeon,12623,"SM2825, SM3052, SM2560"
Surgeon,3889,SM3784
Hospital,43401,"SM4970, SM1637, SM4813"
Surgeon,6844,"SM1960, SM4352, SM2062, SM2061"
Clinic,11571,"SM3088, SM3579"
Surgeon,8730,"SM4229, SM2704"
Hospital,15866,"SM5169, SM2734, SM5125, SM2481"
Clinic,16337,"SM1929, SM1671, SM4440, SM2591"
Surgeon,13454,"SM4886, SM3274, SM3091, SM4413, SM4274"
Surgeon,13456,"SM1821, SM3282, SM4525"
Hospital,10336,"SM5156, SM4313"
Surgeon,9799,"SM2117, SM2124, SM1853, SM4654, SM5154"
Hospital,29378,"SM4815, SM4870, SM4249, SM2162"
Clinic,11206,"SM3129, SM5034, SM3082, SM1595"
Surgeon,3466,"SM0745, SM6149, SM3066, SM1634"
Hospital,36301,SM4630
Hospital,24358,"SM5156, SM4330"
Hospital,21126,"SM2923, SM4817, SM1748, SM4634, SM3076"
Surgeon,4923,"SM3628, SM2841, SM3739, SM5198, SM1916"
Clinic,14913,SM3081
Procurement Officer,6335,"SM4596, SM1827"
Procurement Officer,4808,SM3231
Clinic,10369,"SM5173, SM1627, SM2074, SM2055"
Clinic,9553,"SM1847, SM4681, SM1732, SM4975"
Procurement Officer,5643,"SM2133, SM4519, SM4209, SM1987"
Procurement Officer,3112,"SM4793, SM3548, SM2170"
Hospital,40439,"SM2800, SM4661, SM3538"
Procurement Officer,6098,"SM2932, SM4220"
Procurement Officer,4470,"SM3745, SM4314, SM2055, SM4877"
Surgeon,12245,SM4828
Clinic,6530,SM4637
Surgeon,5337,"SM2799, SM4515, SM4519, SM2465, SM4554"
Procurement Officer,4997,"SM3261, SM1847, SM4830, SM2823, SM3103"
Surgeon,10460,"SM4438, SM3720, SM4218, SM3847, SM4328"
Procurement Officer,4937,"SM4222, SM2726"
Hospital,30328,SM4865
Clinic,11197,"SM1973, SM1856, SM2706, SM5033"
Hospital,24728,SM2673
Procurement Officer,7028,"SM1687, SM3754, SM2095, SM4340"
Clinic,18371,"SM3783, SM4431, SM1889"
Procurement Officer,6727,"SM3849, SM2939, SM1754"
Surgeon,14666,"SM1922, SM2734"
Surgeon,8078,"SM4800, SM4239, SM4813, SM5136, SM4691"
Surgeon,5881,"SM2030, SM4321, SM1024"
Surgeon,4424,"SM2612, SM2575, SM1634, SM1980, SM2459"
Hospital,40232,SM1791
Hospital,24761,"SM1744, SM2115"
Procurement Officer,5885,SM5158
Hospital,10559,"SM4467, SM5205, SM4514"
Procurement Officer,6819,"SM1805, SM4514, SM4332, SM3555"
Procurement Officer,7252,"SM2943, SM2602, SM1761, SM1910, SM3767"
Surgeon,5040,"SM4245, SM2726, SM3227, SM4813, SM4678"
Surgeon,7718,"SM4594, SM3128, SM3854"
Clinic,16586,"SM5186, SM4968"
Surgeon,12458,"SM1795, SM2439, SM2133, SM2877"
Procurement Officer,3058,SM2460
Procurement Officer,6376,"SM1631, SM3255"
Procurement Officer,8734,"SM4899, SM1930, SM2127, SM3145, SM0726"
Clinic,11242,"SM3034, SM4654, SM2887"
Hospital,11862,"SM1820, SM4516, SM3521, SM4505"
Surgeon,4233,"SM2015, SM2586, SM2760, SM5048, SM3768"
Procurement Officer,8904,"SM4551, SM3072, SM2932, SM4638"
Procurement Officer,7406,"SM1863, SM1840"
Clinic,8237,SM3140
Hospital,28098,"SM4604, SM3141"
Procurement Officer,7472,"SM4526, SM3109, SM2710, SM4227"
Hospital,32306,SM3242
Procurement Officer,5658,"SM2590, SM4632"
Clinic,11637,"SM2551, SM3518, SM2119, SM3269"
Clinic,16991,"SM1733, SM4419, SM1924"
Hospital,10969,"SM2109, SM1714"
Clinic,9286,"SM1829, SM1846, SM3289"
Hospital,39642,"SM5141, SM2161"
Hospital,44639,SM2037
Hospital,31330,SM2826
Surgeon,7301,"SM1866, SM2554"
Hospital,18342,SM4201
Hospital,47809,"SM2064, SM2150, SM2765, SM4561"
Hospital,26073,"SM4355, SM5229, SM1965"
Hospital,32973,SM3582
Surgeon,10484,"SM3230, SM5203"
Surgeon,5264,"SM4327, SM2562, SM4647, SM2135, SM4655"
Hospital,25521,SM2084
Surgeon,13581,"SM3270, SM3152, SM5167, SM3583"
Clinic,7057,SM3113
Hospital,26802,"SM4307, SM1592, SM5144"
Hospital,37715,"SM4792, SM2057, SM3795"
Surgeon,12710,SM2938
Procurement Officer,6798,"SM2936, SM3572, SM2488, SM1603, SM4483"
Surgeon,12994,"SM5200, SM2492, SM5205, SM4983"
Surgeon,8225,"SM1658, SM3202, SM4796"
Hospital,30708,"SM3581, SM3268"
Surgeon,7941,"SM1861, SM2468, SM2112"
Procurement Officer,9532,"SM3028, SM2082, SM3001, SM2487, SM4685"
Procurement Officer,7098,"SM3794, SM4863, SM1939, SM1759, SM3715"
Surgeon,6210,"SM3570, SM3779, SM1868, SM1737"
Clinic,5910,SM4402
Procurement Officer,7394,"SM2628, SM5229, SM1711"
Procurement Officer,9059,"SM2008, SM2161, SM3160"
Hospital,19569,"SM2006, SM1911"
Surgeon,7767,"SM3847, SM4343, SM2737"
Clinic,19924,"SM5115, SM3129, SM4625"
Clinic,6383,SM3564
Procurement Officer,5023,"SM3142, SM4519"
Surgeon,8531,"SM2572, SM4480, SM2587"
Hospital,23076,SM3731
Procurement Officer,8995,"SM4270, SM5036"
Clinic,5001,SM1695
Clinic,11112,"SM3791, SM4421, SM2844"
Surgeon,14193,"SM2747, SM3143, SM2465, SM2820"
Hospital,30286,"SM3260, SM2128, SM4327, SM2721"
Clinic,17815,SM4840
Hospital,24967,"SM3244, SM1709, SM2937, SM3125, SM1937"
Procurement Officer,6356,"SM2826, SM4865, SM1973, SM2859, SM1024"
Surgeon,13433,"SM3710, SM5155"
Surgeon,13144,"SM4220, SM3520, SM1676, SM2859, SM2673"
Hospital,34523,"SM2849, SM2726, SM4563, SM4962"
Surgeon,9688,"SM2490, SM2558, SM5122"
Clinic,16104,SM4982
Hospital,29073,SM4202
Hospital,48127,"SM1779, SM5055, SM4807"
Hospital,12205,"SM2454, SM1866"
Procurement Officer,6407,"SM4210, SM2834, SM1921"
Clinic,14383,"SM5130, SM3139"
Hospital,39320,"SM5115, SM2812"
Clinic,11638,"SM5147, SM4254"
Procurement Officer,4318,SM4805
Procurement Officer,4875,SM4802
Procurement Officer,9546,"SM1780, SM4490, SM4340, SM4205"
Clinic,17071,"SM1945, SM1594"
Surgeon,3426,"SM3557, SM1685, SM2446, SM2150"
Procurement Officer,2641,"SM2014, SM4976, SM2454, SM4524, SM3747"
Clinic,17921,"SM4688, SM2942, SM4567, SM4367, SM2052"
Surgeon,10187,"SM2657, SM4858, SM4797, SM4850, SM3798"
Surgeon,14839,SM3226
Clinic,18001,SM2062
Hospital,45018,"SM4859, SM2636, SM4950"
Procurement Officer,3720,"SM3069, SM2622, SM2687"
Surgeon,7554,"SM2030, SM4551, SM2161, SM1960"
Hospital,30264,SM3518
Clinic,11445,SM1936
Clinic,16519,"SM2714, SM1595, SM5144, SM2783"
Procurement Officer,3293,"SM3081, SM3131"
Surgeon,11062,"SM3725, SM3224"
Clinic,15022,"SM3083, SM2662, SM3733, SM4209, SM1890"
Surgeon,4077,"SM3550, SM1957, SM2831, SM3701, SM3226"
Clinic,14053,SM1677
Procurement Officer,6323,"SM2710, SM4453"
Hospital,38933,"SM4238, SM3764, SM2062"
Surgeon,9942,"SM4629, SM2581, SM4618, SM1683"
Clinic,16951,"SM3539, SM1783"
Surgeon,11600,"SM4209, SM2004, SM5045"
Hospital,11708,"SM5142, SM3118, SM1962, SM2755"
Hospital,33672,"SM4682, SM3056, SM3136, SM4630, SM1821"
Clinic,15026,"SM5108, SM2837, SM2126, SM1773, SM3748"
Surgeon,14920,"SM2761, SM2753"
Hospital,27346,"SM3110, SM2939"
Hospital,11492,"SM3076, SM3718"
Clinic,17439,SM3028
Procurement Officer,7986,"SM1692, SM4600, SM5036, SM2065"
Surgeon,6334,"SM3120, SM4444"
Hospital,24719,"SM4978, SM3716, SM3155, SM3571, SM4432"
Surgeon,6619,"SM1887, SM4798"
Hospital,29328,"SM6153, SM5164, SM5169, SM3098, SM2037"
Clinic,10308,"SM3130, SM5059, SM1863"
Clinic,18259,SM5052
Procurement Officer,9754,"SM1773, SM3070"
Hospital,26348,"SM4324, SM1548, SM4482, SM2810, SM2080"
Procurement Officer,2115,SM2449
Clinic,12667,"SM3218, SM3112"
Procurement Officer,5893,"SM1837, SM2924"
Hospital,43699,"SM3133, SM5155, SM2219, SM2550"
Procurement Officer,4518,"SM4513, SM4574, SM2488"
Surgeon,7976,"SM4545, SM5051, SM1998"
Hospital,29380,"SM4510, SM2064, SM2916"
Procurement Officer,5404,"SM3763, SM4508, SM2707"
Procurement Officer,4634,"SM5224, SM2927, SM1774, SM4407, SM5108"
Hospital,41260,SM4646
Hospital,24457,SM1641
Hospital,11622,"SM2743, SM2892, SM1873, SM2658, SM2819"
Procurement Officer,6642,"SM1808, SM4422, SM1920"
Clinic,10938,"SM2657, SM2644"
Clinic,19021,"SM4318, SM2786, SM2764"
Clinic,6761,"SM2048, SM2144, SM4579, SM2629, SM1920"
Procurement Officer,7744,SM3585
Hospital,12757,"SM4809, SM2163, SM4363"
Hospital,41469,SM2437
Hospital,47503,"SM5196, SM2554, SM4615"
Surgeon,7682,SM2705
Surgeon,10375,"SM1610, SM5168, SM1844"
Procurement Officer,4127,SM5145
Clinic,6765,"SM2040, SM2073"
Hospital,44681,SM1665
Surgeon,10476,"SM4459, SM4443"
Clinic,19376,"SM4968, SM2645, SM2723, SM3068"
Clinic,16960,"SM1942, SM4345"
Procurement Officer,8233,"SM2008, SM1888, SM5229, SM1837"
Procurement Officer,3394,"SM4573, SM4134, SM1804"
Hospital,44865,"SM6149, SM2920, SM1410, SM2715, SM5226"
Hospital,34267,"SM1831, SM2033, SM4896, SM1697"
Procurement Officer,6563,"SM4805, SM3082"
Procurement Officer,8091,SM2696
Clinic,8190,"SM4871, SM1911, SM2880, SM1820"
Hospital,12405,"SM3724, SM3238, SM5154, SM3031, SM2786"
Procurement Officer,4266,"SM3536, SM2881, SM2785, SM3055"
Surgeon,9978,"SM2926, SM2083, SM3072, SM4861, SM1850"
Clinic,14301,"SM4884, SM3540, SM2168, SM4474"
Clinic,5798,"SM4315, SM4235, SM3750"
Surgeon,5735,"SM5056, SM4556"
Hospital,26597,"SM1714, SM1796, SM4867, SM4615"
Hospital,30917,"SM4880, SM2018, SM1410"
Hospital,21111,"SM3739, SM5117, SM2692"
Surgeon,4734,"SM2568, SM5232, SM1854, SM4319, SM1802"
Clinic,10191,"SM2748, SM1846, SM3719, SM4828, SM2076"
Procurement Officer,8703,"SM2219, SM4203, SM4547, SM4321"
Hospital,22066,"SM3573, SM3183, SM4578, SM2832"
Surgeon,4837,"SM2448, SM3113, SM4444"
Procurement Officer,6806,"SM2112, SM2596, SM2120, SM5159, SM4637"
Hospital,19687,"SM1933, SM4607, SM3734"
Clinic,16146,"SM4417, SM4973"
Procurement Officer,4516,SM1811
Hospital,22863,SM3540
Procurement Officer,9752,"SM4855, SM1798, SM2928, SM1828"
Hospital,44798,"SM2083, SM3114, SM2071"
Procurement Officer,4963,"SM3110, SM3135, SM4644, SM1675, SM1763"
Hospital,21781,SM3791
Hospital,40266,"SM1748, SM2861, SM1943, SM3791, SM5178"
Procurement Officer,5105,"SM4229, SM2559, SM5204"
Surgeon,7633,"SM1696, SM2109, SM3238, SM1711, SM4803"
Procurement Officer,8226,"SM2755, SM5180"
Surgeon,11947,"SM1816, SM3585, SM2926"
Hospital,33344,"SM1690, SM4686, SM4648, SM1828, SM2568"
Surgeon,6885,"SM3092, SM1960, SM3223, SM3093, SM3137"
Clinic,16920,"SM4988, SM2742"
Hospital,49802,"SM3106, SM3571"
Procurement Officer,7378,SM4401
Surgeon,10292,"SM5224, SM1797, SM1657, SM4962"
Hospital,16399,"SM3253, SM2145, SM2715"
Clinic,6581,"SM2847, SM3759, SM3557, SM4803"
Procurement Officer,9625,"SM2834, SM4318, SM4670, SM1619"
Hospital,34935,"SM4449, SM5043"
Clinic,15078,"SM2081, SM4441"
Clinic,16428,"SM2038, SM2711, SM4624, SM1754"
Procurement Officer,5457,"SM2701, SM4210"
Surgeon,3442,"SM1748, SM1783, SM3127, SM3561, SM2699"
Surgeon,5333,SM1876
Procurement Officer,8864,SM2738
Procurement Officer,9639,SM5175
Procurement Officer,2667,"SM4855, SM1871, SM3573, SM1690, SM4373"
Surgeon,9360,"SM2162, SM3126"
Procurement Officer,4008,SM3209
Surgeon,11899,"SM2567, SM2092, SM3516, SM2149, SM1877"
Hospital,42801,"SM4954, SM1618"
Surgeon,4374,"SM1661, SM4623, SM2861"
Surgeon,9273,"SM2147, SM3720, SM3138"
Hospital,46709,"SM2618, SM2743"
Procurement Officer,2407,SM2833
Hospital,14946,"SM5197, SM3405, SM3257, SM3711"
Clinic,14402,"SM4401, SM1849"
Hospital,37418,"SM2589, SM1940, SM2135"
Clinic,5633,"SM5171, SM3710, SM2563, SM4634"
Procurement Officer,3566,"SM1666, SM1758, SM5175, SM2754, SM3782"
Procurement Officer,8954,"SM1410, SM3514, SM4205"
Procurement Officer,4211,"SM3564, SM2115, SM3071, SM1613, SM4685"
Hospital,36468,"SM3029, SM4359"
Hospital,40479,"SM3293, SM2083, SM2005, SM1954, SM2480"
Hospital,40732,"SM3064, SM4827, SM4857, SM1758, SM1872"
Procurement Officer,9776,"SM3578, SM3786, SM2793, SM4868"
Surgeon,10413,"SM4696, SM2557, SM2877, SM4459, SM1609"
Clinic,12471,"SM4343, SM4688, SM4245"
Clinic,19392,"SM4252, SM4646"
Surgeon,4140,"SM2031, SM2107"
Hospital,31253,"SM2591, SM2147, SM2011, SM4822"
Surgeon,14548,"SM3758, SM4668"
Procurement Officer,3276,SM1913
Surgeon,5983,"SM3064, SM3573, SM1624, SM4967"
Hospital,40514,SM4242
Clinic,13194,"SM4679, SM2754"
Surgeon,11161,SM2142
Surgeon,12598,"SM3003, SM4810, SM1979, SM3133"
Hospital,13358,"SM4210, SM3236"
Surgeon,8429,SM5103
Procurement Officer,2441,"SM3030, SM3242, SM4680, SM3706"
Clinic,13130,"SM3232, SM1799, SM1963"
Procurement Officer,6717,"SM1821, SM4413, SM3204"
Procurement Officer,2372,"SM2659, SM4612, SM2120, SM4873, SM1972"
Hospital,36570,SM1958
Surgeon,9450,SM3059
Clinic,10940,"SM4621, SM3258, SM4895, SM4324"
Procurement Officer,5134,"SM3706, SM2634"
Surgeon,9981,SM1753
Surgeon,4709,SM5221
Surgeon,14834,"SM3720, SM4633, SM2447, SM4324, SM5109"
Procurement Officer,2596,SM3263
Hospital,13581,"SM3160, SM4658"
Hospital,38931,"SM1997, SM2551"
Clinic,6607,"SM3135, SM3556, SM4552, SM2138"
Surgeon,7877,"SM3720, SM4491, SM2883"
Hospital,42296,SM5173
Clinic,9149,"SM4805, SM4669, SM4272, SM3284"
Hospital,41207,"SM6150, SM5197, SM4826, SM2701"
Surgeon,9235,SM4626
Hospital,13352,"SM3749, SM1797, SM4638"
Hospital,24791,"SM1749, SM2015"
Hospital,45770,"SM2660, SM2460, SM1845"
Hospital,12103,"SM2454, SM1024, SM4827, SM4995, SM3627"
Procurement Officer,3102,"SM4518, SM4694, SM2716, SM1977"
Procurement Officer,8921,"SM2457, SM2046, SM3099, SM2447"
Clinic,19655,"SM2141, SM4872, SM2824"
Surgeon,10237,"SM4449, SM4255, SM1807, SM1992, SM2849"
Hospital,43250,"SM4249, SM3261"
Hospital,19783,"SM4628, SM1816, SM4346, SM2762, SM5124"
Hospital,21234,"SM2151, SM4544, SM3096, SM1833, SM2750"
Hospital,42255,"SM2831, SM4824, SM2842, SM2121, SM4998"
Procurement Officer,5854,"SM4615, SM4303, SM2845, SM3503"
Surgeon,9065,SM1410
Clinic,15945,"SM1839, SM4688"
Surgeon,3851,"SM4425, SM0747, SM1822"
Procurement Officer,6070,"SM4822, SM1888"
Procurement Officer,7674,"SM4823, SM1677, SM5181, SM2809, SM4204"
Procurement Officer,6045,"SM3701, SM4541, SM4611"
Procurement Officer,3694,SM2626
Hospital,29414,"SM4657, SM3152, SM2754"
Procurement Officer,6270,"SM1961, SM5137, SM2083"
Procurement Officer,6631,"SM1838, SM4630"
Hospital,43274,"SM1853, SM3646, SM2475, SM4272"
Hospital,39292,"SM2586, SM4336, SM2107"
Hospital,17267,"SM2629, SM1610, SM2441, SM5156"
Hospital,23770,SM3563
Surgeon,8296,SM3106
Surgeon,6120,"SM3505, SM4876, SM3855, SM3731, SM3286"
Hospital,21756,"SM3138, SM3735, SM1951"
Hospital,11402,"SM2483, SM4246"
Procurement Officer,7826,"SM1712, SM2888, SM2552, SM4435"
Clinic,6662,"SM1405, SM2048"
Hospital,11431,"SM1958, SM1708, SM5130"
Procurement Officer,2119,"SM5039, SM1988, SM1767, SM4222, SM3282"
Procurement Officer,6475,"SM5048, SM3258, SM4892"
Procurement Officer,3618,"SM4691, SM2868, SM4698, SM2120"
Clinic,9242,"SM2115, SM1856, SM4551, SM2836"
Surgeon,3596,"SM3515, SM5151, SM1637"
Hospital,31589,"SM4517, SM1649"
Clinic,13567,"SM4502, SM2462, SM3158"
Procurement Officer,4202,"SM2574, SM3646, SM2879, SM2588, SM2052"
Clinic,7265,"SM2112, SM1926, SM3106, SM3715"
Clinic,5313,"SM2931, SM4522, SM3286, SM1842, SM2599"
Procurement Officer,2442,SM4308
Clinic,19654,"SM4955, SM3645, SM4508"
Clinic,15697,"SM4645, SM4484, SM3132, SM5144, SM4432"
Surgeon,7292,"SM1660, SM3785, SM2440"
Surgeon,3425,"SM4323, SM2147, SM2872"
Surgeon,10687,"SM1838, SM3701, SM3107, SM3726"
Procurement Officer,9184,"SM2164, SM3078, SM3749, SM1770, SM2636"
Hospital,19272,"SM4511, SM4871"
Surgeon,10849,"SM4477, SM3701, SM2882"
Procurement Officer,5920,"SM5110, SM2751"
Hospital,18708,SM1787
Surgeon,7163,"SM3030, SM1790"
Clinic,16166,"SM1659, SM4588, SM2119, SM2012, SM1630"
Hospital,49669,"SM1606, SM3275, SM3300, SM2473"
Surgeon,12591,"SM3112, SM2625, SM4693, SM5140"
Surgeon,10288,"SM4846, SM2568"
Procurement Officer,5786,"SM2582, SM4603, SM3557"
Procurement Officer,8216,"SM2114, SM3068, SM2141, SM1805, SM1789"
Clinic,8612,"SM2488, SM4621, SM4699"
Procurement Officer,7805,"SM4467, SM1785, SM2882, SM3001"
Clinic,10354,"SM5207, SM4518, SM5107, SM1789"
Clinic,8931,"SM4653, SM2444, SM5168, SM3219, SM2041"
Clinic,9770,SM3129
Procurement Officer,2138,"SM4225, SM5041, SM5192, SM3126, SM3274"
Clinic,14907,"SM5132, SM3100"
Procurement Officer,7256,"SM2458, SM2065, SM4982"
Clinic,10142,"SM3152, SM4484, SM3031, SM1623, SM3262"
Clinic,18916,"SM4445, SM2129"
Clinic,7340,"SM4687, SM4566, SM1678, SM1676, SM4827"
Clinic,18317,"SM4372, SM2939, SM4654, SM1749"
Hospital,33376,"SM1786, SM4672"
Procurement Officer,7523,"SM2107, SM4629, SM4658, SM4462, SM5211"
Hospital,40254,SM3730
Hospital,21000,"SM4973, SM3793, SM5209"
Clinic,18636,"SM2059, SM4366"
Procurement Officer,4136,SM2442
Surgeon,11947,"SM2782, SM1963"
Surgeon,10977,SM4328
Surgeon,3293,"SM2819, SM3540"
Surgeon,5568,"SM1626, SM3085, SM2566, SM2709"
Hospital,49369,"SM1781, SM2942, SM2496, SM2499"
Surgeon,9354,"SM1750, SM2807, SM4983, SM3342, SM2864"
Surgeon,8998,"SM4618, SM2453, SM1858"
Hospital,26996,SM3091
Hospital,24083,"SM4522, SM2938, SM2819"
Hospital,22659,"SM2662, SM1750"
Clinic,17726,"SM3281, SM1937"
Procurement Officer,8249,"SM2642, SM3156, SM5113, SM5226, SM4971"
Surgeon,4284,"SM4628, SM4599, SM2753"
Procurement Officer,7591,SM4546
Clinic,11533,"SM3518, SM2804, SM4428, SM1869, SM3270"
Clinic,5973,"SM4872, SM3139"
Clinic,15573,"SM3136, SM3628, SM2916, SM4311"
Hospital,12709,"SM4466, SM5038, SM5170, SM4461, SM4890"
Surgeon,13697,"SM5136, SM4989, SM4436, SM3116, SM1974"
Clinic,14123,"SM1076, SM3776, SM5108, SM3109"
Clinic,8306,"SM4618, SM3556"
Clinic,12002,"SM3758, SM2477, SM1775, SM4595"
Clinic,11537,"SM3738, SM4443, SM4321, SM1925"
Hospital,17859,"SM4231, SM2031, SM3204, SM1951"
Hospital,25759,"SM5173, SM2642, SM3766, SM1791"
Procurement Officer,2436,SM4325
Clinic,18483,SM2487
Procurement Officer,2861,"SM3184, SM4872, SM4445, SM4644"
Surgeon,6252,SM2116
Clinic,16681,"SM2082, SM4241, SM5194, SM2468, SM4980"
Clinic,11640,"SM2105, SM4251"
Hospital,27763,"SM4343, SM4811, SM3030"
Procurement Officer,3805,"SM4201, SM5137"
Surgeon,11446,SM4547
Procurement Officer,8665,"SM3276, SM1923, SM4405"
Clinic,17692,"SM1937, SM3545, SM3530, SM3272, SM4957"
Surgeon,9155,SM4428
Clinic,17662,"SM3218, SM4498, SM4303, SM4484"
Surgeon,14950,"SM2083, SM1777, SM1678, SM2079, SM3181"
Procurement Officer,9800,"SM1580, SM3792, SM5154"
Procurement Officer,5087,"SM4982, SM2164"
Surgeon,3501,SM4683
Hospital,21242,"SM4238, SM2857, SM1870, SM2694, SM4274"
Procurement Officer,2813,SM4591
Clinic,9124,SM4309
Clinic,11292,SM3107
Procurement Officer,9826,"SM2819, SM2753, SM3703, SM1791"
Procurement Officer,2430,"SM4683, SM2557, SM2455, SM2687"
Hospital,42439,"SM3268, SM2110, SM1879, SM1791, SM3256"
Procurement Officer,4610,"SM5224, SM1669, SM2058, SM5190, SM1858"
Procurement Officer,3506,"SM4592, SM3146, SM3214"
Procurement Officer,3748,"SM1694, SM4976, SM4796, SM1988"
Procurement Officer,2804,"SM4816, SM3723, SM5173, SM3092"
Clinic,6398,SM4673
Procurement Officer,5336,"SM1638, SM5167, SM5104, SM1404, SM3755"
Procurement Officer,6343,SM4358
Clinic,18596,SM4991
Surgeon,11808,"SM4960, SM3057, SM1689, SM2562, SM2859"
Surgeon,10441,SM4494
Surgeon,6945,"SM1623, SM2783, SM2155, SM2099"
Surgeon,7913,"SM3079, SM4671, SM2929"
Procurement Officer,8350,"SM5160, SM4878, SM2139"
Hospital,34317,"SM1765, SM4827, SM3501, SM3293"
Surgeon,7224,"SM4322, SM4838"
Procurement Officer,2022,"SM1872, SM3576, SM1915, SM2712, SM2484"
Hospital,48001,"SM4643, SM4860, SM3154, SM3130, SM2015"
Clinic,13247,"SM4886, SM1817, SM3744"
Surgeon,6336,SM4643
Hospital,19362,"SM4436, SM3539, SM4818"
Clinic,14385,"SM1684, SM4891"
Hospital,20590,"SM4835, SM3764, SM2168"
Hospital,32824,"SM4492, SM2838, SM2638, SM3254, SM3793"
Procurement Officer,5507,"SM4517, SM2633, SM4665"
Clinic,8820,"SM2843, SM3226"
Hospital,46168,"SM4345, SM4682, SM2816"
Surgeon,11302,SM4501
Clinic,10554,SM2066
Hospital,33959,"SM4512, SM4357, SM2804"
Clinic,9391,"SM4812, SM3717"
Clinic,5261,SM1521
Clinic,17912,"SM2171, SM4473"
Hospital,30337,"SM4624, SM2883, SM3224"
Procurement Officer,5235,"SM1405, SM2935, SM4419, SM5053"
Procurement Officer,4520,"SM3201, SM3296"
Procurement Officer,3663,"SM1796, SM2640, SM3550, SM2075, SM2008"
Hospital,38041,"SM3072, SM3204, SM3089"
Hospital,18575,"SM2588, SM4551"
Surgeon,7021,"SM5115, SM4822, SM3129, SM3704, SM3702"
Clinic,9241,"SM2155, SM2119, SM2802, SM3284, SM1868"
Surgeon,14885,"SM4964, SM4566, SM3533"
Clinic,9765,SM3544
Surgeon,3260,"SM1842, SM4857, SM3739, SM2467"
Hospital,31019,SM3738
Hospital,32725,"SM2921, SM4469, SM3517"
Procurement Officer,8050,"SM2754, SM3562"
Hospital,37363,"SM1622, SM2741, SM2116, SM4201"
Clinic,17679,"SM3747, SM3029"
Clinic,11649,SM1656
Procurement Officer,6912,SM2773
Clinic,7874,"SM6151, SM1806"
Hospital,10007,"SM3543, SM2103"
Surgeon,7858,"SM3089, SM1651, SM3754"
Hospital,39189,"SM1658, SM4865"
Surgeon,5377,"SM3292, SM3296"
Surgeon,3857,"SM2753, SM4670, SM3145"
Procurement Officer,9816,"SM2724, SM3129, SM1915, SM4419, SM2725"
Procurement Officer,3927,"SM1792, SM2883, SM4897"
Surgeon,10753,"SM2568, SM4657"
Procurement Officer,5515,"SM2055, SM2727, SM2122"
Clinic,10842,"SM0745, SM4597, SM4444, SM2620, SM3545"
Procurement Officer,5479,"SM4312, SM2487, SM2693"
Procurement Officer,8284,"SM4345, SM4804"
Hospital,26383,SM2003
Clinic,9189,"SM3535, SM3760"
Surgeon,12529,SM3139
Hospital,11919,"SM1629, SM2757, SM1645"
Procurement Officer,5511,"SM4414, SM2001, SM1839, SM5181, SM2067"
Surgeon,9258,SM2817
Hospital,34461,"SM4843, SM1849, SM5162"
Hospital,32539,"SM4950, SM1782, SM3082"
Clinic,10306,"SM2718, SM3005, SM4216, SM2016"
Procurement Officer,3047,"SM2126, SM2615, SM1777, SM1663"
Hospital,31142,"SM4568, SM4225, SM3127, SM5192"
Clinic,16784,"SM3122, SM2602"
Clinic,18514,"SM5036, SM3784, SM1405, SM1647"
Surgeon,4809,"SM1629, SM5206"
Hospital,37128,"SM4414, SM2092, SM2550, SM2560"
Surgeon,12890,"SM4210, SM2709, SM4413, SM2791"
Clinic,7569,"SM2661, SM1939, SM5103, SM1813"
Hospital,31082,"SM4465, SM4521, SM2751, SM3739, SM1771"
Hospital,35976,"SM2116, SM2945, SM4693, SM3203"
Procurement Officer,5831,"SM4588, SM4647, SM5123, SM2554"
Surgeon,6655,SM2758
Hospital,14251,SM1962
Procurement Officer,6521,"SM2793, SM1885, SM5194, SM2143, SM2498"
Procurement Officer,7598,"SM4977, SM3201"
Clinic,7316,SM4822
Procurement Officer,6542,"SM5169, SM2449"
Hospital,11243,SM4569
Procurement Officer,5707,"SM2131, SM2070"
Hospital,36989,"SM4413, SM2444"
Hospital,45494,"SM1965, SM2058, SM2813"
Surgeon,14528,SM2148
Hospital,42693,SM1891
Clinic,17614,"SM3581, SM3743"
Surgeon,4905,SM2857
Procurement Officer,4920,"SM1778, SM5038, SM5195, SM3754, SM2757"
Surgeon,3777,"SM1629, SM1632"
Clinic,7668,"SM2136, SM2496, SM2828, SM3215, SM1953"
Hospital,21004,"SM5162, SM1987, SM5169"
Hospital,15914,"SM2773, SM4653, SM1685, SM1792"
Hospital,33162,SM4252
Clinic,17677,"SM4373, SM2085"
Surgeon,12046,SM2003
Surgeon,4598,"SM3232, SM3207, SM2885, SM4634, SM2006"
Surgeon,12723,"SM2870, SM3732, SM3129"
Procurement Officer,3121,"SM3985, SM1993, SM4326"
Hospital,44834,"SM2885, SM3154, SM2637, SM3850"
Procurement Officer,2281,SM3242
Procurement Officer,2314,"SM2782, SM2151, SM4431, SM2555, SM4305"
Procurement Officer,8985,"SM2159, SM2593, SM4496"
Surgeon,8053,SM4653
Hospital,47121,"SM2500, SM2835, SM2811, SM1640"
Surgeon,14865,"SM4995, SM3270, SM4690"
Procurement Officer,4678,"SM3515, SM3785, SM4809, SM4499, SM2553"
Clinic,15077,"SM2123, SM4433, SM2163"
Procurement Officer,7744,"SM4274, SM3730, SM3735"
Surgeon,7312,"SM3251, SM2784, SM5218, SM1887"
Clinic,14970,SM2801
Hospital,49414,SM4654
Hospital,10345,"SM2843, SM3717, SM4489, SM3217"
Clinic,14367,"SM3278, SM4346, SM1929, SM2612"
Clinic,18254,"SM2616, SM2851, SM5123"
Hospital,37491,SM3716
Clinic,10152,SM1941
Clinic,7099,"SM2134, SM1836, SM1878, SM4595, SM1891"
Surgeon,4335,"SM3627, SM1987, SM1926"
Procurement Officer,4818,SM3225
Clinic,7097,"SM1620, SM5040"
Clinic,18387,SM1758
Clinic,6828,"SM3518, SM3512"
Hospital,34656,"SM3095, SM3106"
Procurement Officer,6243,"SM2577, SM1946"
Surgeon,11063,"SM3136, SM3211, SM2500, SM1763, SM2924"
Procurement Officer,5895,"SM1865, SM3075, SM1085, SM3704, SM2473"
Hospital,41414,"SM2605, SM4613"
Procurement Officer,9634,SM3708
Hospital,28387,SM5205
Clinic,8188,"SM1802, SM4250, SM5049, SM6153"
Clinic,11819,"SM3516, SM2567"
Procurement Officer,5934,"SM3152, SM3108, SM1950, SM1836, SM4894"
Hospital,38328,SM2865
Surgeon,10817,"SM3789, SM3726, SM3740"
Hospital,42105,"SM2122, SM5102"
Clinic,17239,"SM3247, SM4973"
Procurement Officer,2837,"SM5140, SM2437, SM2690, SM4832, SM2498"
Surgeon,13549,SM3235
Clinic,9469,"SM1807, SM1892, SM2457, SM1997"
Procurement Officer,7223,"SM1943, SM4322, SM3718"
Clinic,19406,SM4552
Hospital,33351,"SM5003, SM2922, SM2831"
Procurement Officer,9194,SM4651
Clinic,12966,"SM2167, SM5130, SM5226, SM5155, SM1660"
Surgeon,7082,"SM1611, SM3210, SM4508, SM3726"
Procurement Officer,2435,"SM4955, SM4371, SM4301, SM4245, SM3741"
Hospital,33570,"SM2948, SM3110, SM3033, SM4814, SM4549"
Clinic,5436,SM3793
Hospital,22905,"SM4863, SM2742, SM1879, SM5146"
Surgeon,7578,"SM3571, SM1834, SM1883"
Surgeon,5252,"SM3556, SM4449, SM1867"
Surgeon,14688,"SM1847, SM1965"
Procurement Officer,3116,"SM3748, SM3138, SM1880"
Clinic,12211,"SM2033, SM3523"
Hospital,36016,SM3578
Surgeon,10784,"SM4271, SM2708, SM3065"
Procurement Officer,4510,"SM1691, SM2095"
Surgeon,8050,SM1789
Clinic,19101,"SM3239, SM1997, SM4273"
Procurement Officer,6703,"SM4596, SM2456, SM4966"
Surgeon,8035,"SM4610, SM2814, SM1660"
Surgeon,4727,"SM2788, SM4493, SM4791"
Hospital,36881,"SM2450, SM2500, SM1547, SM4502"
Hospital,23663,"SM4250, SM2046, SM4950, SM4406"
Clinic,7070,"SM4461, SM4655, SM3146"
Clinic,19289,"SM4791, SM1594, SM5176"
Clinic,8858,"SM5165, SM2734, SM2689"
Procurement Officer,7235,"SM2715, SM3521, SM4560, SM5156"
Procurement Officer,4384,"SM4341, SM4486, SM4612"
Surgeon,12828,"SM4372, SM2829"
Clinic,14635,"SM4207, SM3066"
Procurement Officer,3904,"SM1622, SM2488"
Clinic,16253,"SM4865, SM2070, SM4431, SM2831, SM2819"
Clinic,17488,"SM2110, SM4361, SM2220"
Procurement Officer,5928,SM2444
Clinic,18837,"SM2578, SM3555, SM1971"
Clinic,9074,"SM2556, SM2103, SM1410, SM3550, SM5038"
Hospital,28592,SM2863
Hospital,26504,"SM2135, SM4632, SM4617, SM2885"
Procurement Officer,6614,"SM2933, SM3082, SM2698, SM4320, SM2860"
Clinic,5009,"SM4563, SM3145, SM4997, SM2938"
Surgeon,3209,SM2931
Clinic,6740,"SM4510, SM3121, SM2082, SM1821, SM2072"
Hospital,10000,"SM2701, SM2460, SM1917, SM2552"
Clinic,5656,"SM4676, SM2152, SM1807"
Hospital,48427,"SM4228, SM3124, SM1777"
Surgeon,12762,"SM4214, SM1610, SM5150, SM3116, SM1697"
Clinic,14716,SM2685
Hospital,38080,"SM2744, SM3646, SM2915"
Hospital,49717,"SM4322, SM3269"
Procurement Officer,2534,"SM4840, SM4336"
Hospital,18157,"SM3789, SM2856"
Hospital,32877,SM2892
Clinic,13951,"SM4840, SM5218, SM2605"
Procurement Officer,4450,"SM3762, SM4646, SM5043"
Clinic,15948,"SM4876, SM4548, SM2433"
Surgeon,8814,"SM5049, SM3222"
Hospital,41547,"SM3756, SM3115, SM4301, SM3129"
Clinic,6502,SM3216
Procurement Officer,7047,"SM1945, SM3297"
Surgeon,8442,"SM2103, SM2805, SM3793, SM4373, SM3184"
Clinic,14777,"SM4974, SM4807, SM4440, SM5207, SM1924"
Clinic,5728,SM3711
Procurement Officer,8142,"SM4487, SM4834, SM1861"
Procurement Officer,4202,"SM4969, SM1835, SM2604, SM2554"
Hospital,35009,"SM1803, SM3708"
Surgeon,11725,"SM2468, SM2063, SM2636, SM1856, SM2474"
Procurement Officer,6549,SM4337
Surgeon,3978,"SM3281, SM5115, SM5124, SM1994"
Hospital,42375,"SM4512, SM1830, SM4590, SM4525, SM5221"
Hospital,15248,"SM4468, SM4813, SM4461, SM4479, SM5228"
Procurement Officer,4032,"SM3711, SM4856, SM4673, SM4665"
Clinic,11527,"SM5116, SM2742, SM2687, SM2747, SM3579"
Surgeon,11696,"SM1748, SM2926, SM1631, SM4210"
Procurement Officer,4060,SM2786
Procurement Officer,9883,SM1834
Hospital,22871,"SM2013, SM4810, SM3276, SM3215, SM1695"
Hospital,11112,"SM4558, SM4474, SM2103, SM3079, SM2925"
Surgeon,9216,"SM2755, SM5054"
Clinic,5581,"SM5206, SM2079, SM3128, SM1849, SM1788"
Clinic,12383,"SM1979, SM3239"
Hospital,20515,"SM5220, SM4521, SM3204, SM2939, SM2567"
Clinic,9298,"SM3054, SM5169, SM4622, SM1310"
Procurement Officer,6180,"SM3522, SM3069, SM3515"
Surgeon,5433,"SM2685, SM4670, SM2648, SM2632"
Clinic,7062,"SM4352, SM4864"
Clinic,17229,"SM4428, SM1866, SM1889"
Surgeon,6996,"SM4347, SM3235"
Surgeon,3820,"SM2869, SM1845, SM2087, SM2584, SM3263"
Hospital,18513,SM6149
Surgeon,8791,"SM4487, SM4578, SM4244, SM2804, SM2111"
Clinic,17373,"SM2048, SM1770, SM4830, SM3720"
Procurement Officer,4037,"SM1936, SM2148, SM4492, SM4451, SM1914"
Hospital,16248,"SM1666, SM4816"
Clinic,10945,"SM2729, SM3086, SM4892, SM4798"
Surgeon,5637,"SM3565, SM2557"
Surgeon,8011,"SM1711, SM3748, SM3571, SM2123, SM3725"
Hospital,32071,"SM4838, SM2711, SM4684"
Surgeon,3975,"SM2169, SM3768"
Hospital,19134,"SM2673, SM0451, SM2613, SM3221"
Clinic,13994,"SM3056, SM4893, SM4590"
Procurement Officer,8226,"SM4563, SM2058, SM4623"
Procurement Officer,4186,SM2814
Hospital,12007,"SM2435, SM3761, SM3501, SM3287"
Hospital,17190,"SM3547, SM3789"
Surgeon,3324,"SM1836, SM3132, SM2170"
Hospital,49249,"SM3290, SM3095, SM1624, SM3070"
Procurement Officer,5173,"SM1617, SM3245"
Hospital,29774,SM1890
Surgeon,6402,SM4952
Surgeon,3535,SM3300
Hospital,15989,"SM3239, SM1835"
Clinic,11157,"SM4569, SM1547, SM4978, SM3277"
Hospital,14187,"SM3082, SM4649, SM3220, SM3291, SM1856"
Clinic,13805,"SM5214, SM2436, SM3285"
Hospital,25414,SM2714
Procurement Officer,4127,"SM3283, SM4329, SM3539"
Clinic,18470,"SM3060, SM4203, SM0747"
Clinic,17922,"SM5182, SM4314, SM2887, SM3119, SM1822"
Clinic,15153,"SM3151, SM4324, SM4800"
Procurement Officer,6242,"SM3077, SM1838, SM3293, SM5054"
Clinic,13862,"SM5045, SM2481, SM0726, SM3140"
Hospital,46582,SM2090
Hospital,11545,"SM3557, SM4657, SM3110"
Clinic,8199,"SM4622, SM2649, SM4656"
Procurement Officer,9746,SM1636
Surgeon,7770,"SM2806, SM5218"
Clinic,15703,"SM2040, SM0451, SM1960"
Procurement Officer,2981,SM2701
Surgeon,10963,"SM4480, SM2471, SM5163, SM3579"
Clinic,10882,"SM3275, SM2014, SM3743, SM1794"
Clinic,8992,SM4999
Procurement Officer,5908,"SM4675, SM5130, SM5061, SM2714, SM2004"
Clinic,5344,"SM4698, SM1695, SM3130"
Surgeon,9897,"SM2008, SM5226, SM4577, SM3201, SM2859"
Procurement Officer,6001,SM1964
Clinic,5226,"SM4958, SM1644, SM5170"
Clinic,9394,"SM5181, SM4963, SM3769, SM4506"
Procurement Officer,4516,"SM4821, SM1635, SM1613"
Hospital,30499,"SM4417, SM2939, SM1309"
Hospital,35915,"SM3152, SM1789, SM4523"
Clinic,6456,SM5232
Clinic,7079,"SM4511, SM1769"
Hospital,39933,"SM1933, SM4251"
Hospital,25314,SM1881
Procurement Officer,2537,SM4433
Hospital,14492,"SM2027, SM2934, SM2782, SM2644, SM1813"
Clinic,18267,"SM2820, SM4629, SM1919, SM4799"
Clinic,13561,"SM1732, SM4407"
Procurement Officer,9896,"SM2128, SM5116, SM4616, SM1626"
Surgeon,11552,"SM3284, SM4863, SM2040, SM2820, SM3205"
Hospital,29303,"SM4348, SM2054, SM4437"
Procurement Officer,6979,"SM1609, SM5109, SM4512, SM2923, SM3781"
Hospital,29082,"SM1849, SM2711, SM3701, SM3554"
Procurement Officer,5994,"SM2660, SM2026, SM2863, SM5210, SM4488"
Clinic,16844,"SM2091, SM2945, SM3139"
Procurement Officer,2447,"SM4667, SM4981, SM3579"
Procurement Officer,2698,"SM4481, SM5209, SM4251"
Hospital,22645,"SM2026, SM3090, SM2029, SM4890, SM4564"
Surgeon,13624,SM2007
Hospital,16171,"SM5149, SM1993, SM2707"
Hospital,43585,"SM5196, SM3140, SM2108"
Surgeon,7915,SM3202
Procurement Officer,5123,"SM3563, SM1639, SM3280"
Procurement Officer,9351,"SM1643, SM1873"
Hospital,48289,SM4438
Clinic,11450,SM3578
Hospital,49813,"SM4953, SM2835, SM4798"
Procurement Officer,5432,"SM4982, SM1780, SM2825, SM5214"
Clinic,14297,"SM4565, SM4406, SM4457"
Procurement Officer,7569,"SM4890, SM3235, SM3234"
Hospital,36615,"SM4840, SM1658"
Surgeon,10158,"SM3051, SM4610, SM0451, SM1607"
Procurement Officer,8554,"SM5222, SM4551"
Procurement Officer,9254,"SM4352, SM3126, SM3718"
Hospital,48918,"SM3727, SM4861, SM2492"
Surgeon,10571,"SM2788, SM1547, SM2812, SM3511"
Procurement Officer,4391,"SM4241, SM2137, SM3111, SM3158, SM4523"
Surgeon,8723,SM4528
Clinic,12288,"SM2729, SM2455"
Hospital,44908,"SM4617, SM3207"
Clinic,12839,"SM1940, SM2635, SM5167, SM3202"
Hospital,15714,"SM3646, SM2629"
Surgeon,7121,"SM1965, SM4974, SM2137"
Procurement Officer,4915,"SM4363, SM4433"
Hospital,31579,"SM1711, SM4695, SM5169"
Hospital,44302,"SM4369, SM4680, SM2714, SM4570"
Surgeon,5093,"SM4637, SM2764, SM1846, SM2865, SM1827"
Hospital,30177,"SM3577, SM3711, SM5138"
Surgeon,8609,"SM3235, SM1664, SM4605, SM4810"
Hospital,15850,"SM1665, SM3088"
Procurement Officer,6002,"SM3706, SM5213, SM2935"
Procurement Officer,5071,"SM3545, SM4248, SM4226, SM2810, SM2939"
Clinic,17611,"SM5032, SM2009"
Surgeon,3686,"SM4345, SM4977, SM4372, SM2585, SM2611"
Clinic,11271,"SM1583, SM2741, SM3523, SM2555"
Surgeon,6459,SM1664
Clinic,7578,"SM4201, SM3090, SM5208, SM3710, SM4202"
Hospital,18799,"SM4236, SM4271"
Clinic,15684,"SM2052, SM3748, SM2498, SM4858, SM3264"
Procurement Officer,7181,"SM3262, SM4503, SM1825"
Procurement Officer,8313,"SM3256, SM2848, SM2646, SM3160"
Clinic,19383,"SM4559, SM3238"
Surgeon,10653,"SM4622, SM2491, SM1076, SM3520, SM1914"
Hospital,38924,"SM3511, SM3534, SM5160, SM4423"
Hospital,33168,"SM4315, SM4459, SM2566"
Procurement Officer,2379,SM4490
Hospital,38282,"SM3083, SM2854, SM4323, SM3723"
Surgeon,3247,SM3543
Surgeon,12240,SM4626
Clinic,10706,SM4961
Clinic,14533,SM2219
Surgeon,8761,"SM4524, SM4476, SM4217, SM2825, SM3538"
Clinic,10473,"SM2637, SM1622, SM3559, SM4547, SM3106"
Surgeon,11117,"SM3215, SM4577, SM1922, SM4453"
Clinic,17705,"SM3080, SM4369"
Procurement Officer,6307,"SM4994, SM2724, SM4856, SM2142, SM3730"
Procurement Officer,6775,"SM2761, SM4404, SM3211, SM1785, SM4639"
Procurement Officer,4219,"SM3577, SM2642, SM4511"
Procurement Officer,9493,"SM3271, SM4254, SM4523"
Procurement Officer,8340,SM2484
Hospital,30232,"SM4224, SM2718"
Clinic,5767,SM4965
Procurement Officer,4330,"SM5211, SM4209, SM2561, SM4448"
Procurement Officer,2410,"SM5232, SM4868, SM4596"
Clinic,17782,"SM3744, SM2865, SM2436, SM4689, SM1912"
Clinic,19503,"SM3120, SM1758, SM2892"
Clinic,11783,"SM4955, SM5181"
Clinic,13313,"SM4312, SM4986, SM2445"
Procurement Officer,5067,"SM2577, SM5196, SM4430, SM4425, SM4337"
Procurement Officer,7806,"SM2574, SM3766, SM2568, SM2656"
Hospital,24876,SM1595
Hospital,22123,"SM1309, SM2755"
Clinic,17614,"SM2057, SM1606"
Surgeon,6686,"SM2837, SM0493, SM5163"
Procurement Officer,4031,"SM5048, SM1812, SM1939"
Hospital,33134,"SM5034, SM2625"
Clinic,10798,"SM3737, SM4874, SM4514, SM2936"
Surgeon,10411,"SM2077, SM2057"
Surgeon,11230,"SM2559, SM2070, SM5159"
Surgeon,3234,"SM0745, SM3142, SM4573, SM1637, SM2500"
Clinic,6470,"SM4343, SM4417, SM4592, SM1880, SM4480"
Hospital,28379,SM4656
Clinic,19784,SM3573
Clinic,5048,"SM3291, SM2136, SM5034, SM2444"
Surgeon,7389,"SM4565, SM3729"
Procurement Officer,9586,"SM2939, SM4319, SM3521, SM2071"
Clinic,14756,"SM4671, SM1662, SM1684, SM3085"
Procurement Officer,6245,"SM2160, SM2121, SM2878, SM1606"
Hospital,19937,"SM3585, SM1872"
Surgeon,7564,"SM3293, SM3249, SM2705, SM1960"
Surgeon,3995,"SM4598, SM5183"
Surgeon,7132,"SM2488, SM4310, SM3237, SM2841, SM1825"
Clinic,9746,"SM2102, SM3243, SM4407"
Surgeon,6072,SM3029
Hospital,46731,SM4225
Hospital,19977,SM2730
Clinic,14414,"SM2649, SM1894, SM3572"
Procurement Officer,3041,"SM2627, SM3576, SM3521, SM4591, SM2746"
Hospital,10989,"SM4478, SM2818"
Clinic,5656,"SM4363, SM4464"
Surgeon,7986,"SM2121, SM4817, SM1997, SM3564, SM1794"
Clinic,13096,"SM4842, SM4250, SM1823"
Procurement Officer,5616,"SM2044, SM4370, SM4816"
Clinic,15312,SM4690
Hospital,21296,"SM4611, SM2447, SM2566, SM3768, SM2603"
Surgeon,10500,SM3532
Surgeon,11152,"SM3118, SM1650, SM3155, SM3775, SM4897"
Hospital,30913,"SM4642, SM4412"
Hospital,47235,"SM2851, SM4691, SM3244"
Procurement Officer,6537,"SM3211, SM3563, SM4647"
Hospital,25873,"SM2124, SM4861, SM1693"
Surgeon,13644,SM2686
Hospital,19799,"SM2601, SM2805, SM2140, SM4528"
Surgeon,10441,"SM4867, SM2153, SM3278, SM3143, SM4358"
Surgeon,12287,SM1808
Procurement Officer,7759,"SM1630, SM4611, SM2923, SM1855, SM3284"
Clinic,14304,"SM2639, SM1640, SM1659, SM1661"
Procurement Officer,2962,"SM1750, SM3107, SM5134"
Procurement Officer,3219,"SM3076, SM4438, SM2850, SM4823, SM4513"
Hospital,17747,"SM1683, SM5215, SM1664, SM3030"
Procurement Officer,7185,"SM4817, SM4221, SM2889"
Procurement Officer,5242,"SM4211, SM2870, SM5123, SM4417, SM2645"
Procurement Officer,2661,SM4577
Clinic,16750,"SM5039, SM4509, SM2727"
Surgeon,14396,"SM3531, SM1829"
Surgeon,13962,"SM0747, SM4469, SM2863, SM4851, SM2106"
Surgeon,8552,"SM1612, SM2151"
Procurement Officer,7686,"SM2859, SM1610"
Procurement Officer,7473,SM2563
Surgeon,9904,"SM1649, SM4308, SM1711, SM3113"
Clinic,9927,"SM4562, SM2861, SM2134, SM2920, SM2445"
Surgeon,3799,"SM1805, SM2614"
Surgeon,4733,"SM5119, SM2759"
Clinic,14126,"SM1765, SM3760"
Clinic,18639,"SM4859, SM3572, SM3783, SM4872"
Procurement Officer,3505,"SM2649, SM5166"
Hospital,30709,SM4816
Procurement Officer,6410,"SM4805, SM5149, SM3136, SM1885"
Hospital,23957,"SM4857, SM3216, SM4307, SM4578"
Surgeon,10223,"SM3114, SM1638, SM5133"
Procurement Officer,6481,"SM4499, SM5148, SM3181, SM1708, SM1945"
Clinic,7365,"SM4486, SM1579, SM4643, SM5178"
Hospital,41184,"SM4597, SM3257, SM1681, SM2498, SM3556"
Clinic,15118,"SM3851, SM1950"
Hospital,21454,SM3262
Surgeon,7497,"SM1788, SM4605, SM5171, SM5143, SM1807"
Hospital,27658,"SM4469, SM4360"
Clinic,14212,"SM1300, SM5199, SM1993, SM5177, SM4603"
Surgeon,7038,"SM2160, SM3748, SM4657, SM4595"
Surgeon,14726,"SM2602, SM1655, SM4505, SM4522, SM2926"
Hospital,38393,"SM2729, SM5057, SM2658, SM2923"
Clinic,7615,"SM3572, SM3001, SM1657, SM4436"
Hospital,44026,"SM2027, SM1927, SM1969, SM1674, SM1888"
Surgeon,4698,"SM3743, SM1817"
Hospital,30471,"SM2483, SM2754, SM1629, SM4839"
Clinic,18726,"SM5146, SM4407"
Hospital,47259,"SM1950, SM3214"
Surgeon,7083,"SM4231, SM2891, SM4488"
Clinic,15849,SM3564
Clinic,15844,"SM4419, SM3781, SM1931, SM4965, SM3089"
Procurement Officer,8853,"SM3534, SM2489, SM2551, SM3629"
Clinic,9584,"SM2145, SM2140, SM5201, SM2882, SM5166"
Clinic,18018,"SM4606, SM2741, SM4856"
Surgeon,10136,"SM4232, SM2138, SM1840"
Clinic,9310,"SM2577, SM5205, SM1762, SM1936, SM3789"
Surgeon,12887,SM1894
Hospital,15420,"SM3032, SM4440, SM4993, SM3212, SM3706"
Procurement Officer,3375,"SM2688, SM4544, SM4860, SM1852"
Clinic,5132,"SM2860, SM3709, SM5119, SM1950, SM5113"
Procurement Officer,2484,"SM4652, SM4420"
Hospital,48361,"SM3118, SM3275, SM1774, SM3253"
Procurement Officer,5105,"SM3180, SM1918, SM5191, SM2845, SM2682"
Procurement Officer,9085,"SM5203, SM1746, SM2828"
Hospital,12897,"SM4981, SM2620, SM3108, SM2584, SM2059"
Procurement Officer,3447,"SM2051, SM2009, SM1085, SM4695, SM4524"
Procurement Officer,5254,"SM2823, SM1830, SM3733"
Hospital,27854,"SM3781, SM4823"
Hospital,29069,"SM3106, SM4359, SM3079, SM2074, SM2881"
Surgeon,14080,"SM2842, SM4516, SM1930, SM3502"
Procurement Officer,2046,SM3248
Surgeon,14391,SM4966
Hospital,46854,"SM2619, SM4960, SM4512, SM3520"
Hospital,16138,"SM3243, SM1883, SM4214"
Surgeon,11295,SM2884
Clinic,16438,"SM3063, SM4576, SM4685, SM2737, SM2021"
Clinic,15733,SM1644
Surgeon,8731,"SM4554, SM3559"
Surgeon,11044,SM1795
Hospital,15686,"SM2718, SM3629, SM3135, SM4809"
Surgeon,9966,"SM2441, SM4319, SM4817, SM2823, SM4607"
Clinic,15968,"SM4647, SM1582"
Clinic,12861,"SM2741, SM4969, SM2946, SM5058"
Clinic,10791,"SM1619, SM3751, SM4890, SM4966"
Clinic,13679,"SM2167, SM3184, SM4647, SM2927"
Surgeon,5738,"SM4689, SM1595, SM1777, SM3578"
Procurement Officer,7038,"SM4686, SM2117"
Clinic,8281,"SM4555, SM3149"
Surgeon,14742,"SM4616, SM4228, SM3097, SM5130, SM4661"
Surgeon,9623,"SM5199, SM4241, SM4205, SM1869"
Surgeon,3066,"SM5204, SM2719, SM4978"
Hospital,29858,"SM4649, SM4326"
Hospital,43320,"SM3706, SM1802, SM2583, SM5004"
Hospital,19785,"SM3776, SM2082, SM2709"
Surgeon,6733,"SM4512, SM4791, SM2644"
Hospital,46457,"SM0748, SM2889, SM1879, SM4577"
Surgeon,13181,"SM2083, SM4968, SM2830, SM3751, SM2803"
Hospital,38248,"SM2740, SM5200"
Surgeon,11823,"SM4501, SM5203, SM0451"
Hospital,22019,"SM0451, SM4501"
Procurement Officer,7112,"SM4426, SM5056, SM4575, SM1808"
Surgeon,12013,"SM4962, SM1663, SM1772, SM2163, SM2084"
Clinic,17479,"SM2480, SM5130, SM3511, SM2737, SM2762"
Hospital,30705,"SM2065, SM1744, SM4653"
Clinic,16276,"SM1621, SM2575"
Surgeon,3128,"SM4686, SM2859, SM2040"
Surgeon,8049,"SM4324, SM4996, SM5139, SM2765"
Procurement Officer,9035,"SM2103, SM2601"
Surgeon,12944,SM1926
Hospital,18048,"SM2829, SM4895, SM4325, SM1912"
Hospital,34627,"SM4366, SM4688, SM1852, SM4541"
Procurement Officer,5269,SM4564
Hospital,19459,"SM1807, SM1759, SM5208, SM3848"
Hospital,26205,"SM3516, SM2072, SM3276"
Clinic,17983,"SM2823, SM3531"
Procurement Officer,6957,"SM2609, SM4852, SM1708, SM3054, SM4874"
Surgeon,12478,SM1921
Clinic,11365,SM1893
Clinic,9245,"SM1979, SM4553, SM4667, SM1455"
Surgeon,10203,SM3503
Hospital,40002,"SM4203, SM4679"
Surgeon,7364,SM4980
Hospital,36642,SM3720
Surgeon,13809,SM1769
Surgeon,12415,SM4255
Clinic,17161,"SM2755, SM1961"
Hospital,25950,SM2029
Clinic,14976,"SM4215, SM1913"
Hospital,35572,"SM4481, SM3093, SM5128"
Procurement Officer,4632,"SM1876, SM3799, SM3787"
