User Type,Budget ($),Items Purchased
Hospital,11639,"Bandages, Catheter, Thermometer"
Hospital,45741,Oxygen Mask
Procurement Officer,5520,Scalpel
Clinic,6811,"Catheter, Surgical Gloves, Blood Pressure Cuff, IV Drip, Disinfectant"
Clinic,10359,"Sterile Gown, Surgical Gloves, Surgical Scissors, Disinfectant, Forceps"
Surgeon,3273,"Forceps, Stethoscope"
Hospital,34898,Retractor
Surgeon,6945,"Face Masks, Needle Holder, Blood Pressure Cuff"
Hospital,34807,Blood Pressure Cuff
Surgeon,8794,"Retractor, Oxygen Mask, IV Drip, Scalpel, Face Masks"
Clinic,7741,Bandages
Hospital,34911,"Needle Holder, Retractor, Surgical Scissors"
Surgeon,4910,"Sterile Gown, Scalpel"
Clinic,11751,"Surgical Scissors, Needle Holder"
Procurement Officer,9422,"Bandages, Forceps, Face Masks, Catheter, Blood Pressure Cuff"
Surgeon,5286,"Scalpel, IV Drip, Forceps"
Clinic,13738,"Surgical Lights, Needle Holder, Thermometer, Sterile Gown"
Clinic,7040,"Blood Pressure Cuff, Sterile Gown, Disinfectant, Surgical Lights, Retractor"
Clinic,5266,"Syringe, Scalpel, Face Masks, Stethoscope, Thermometer"
Clinic,14149,"Catheter, Scalpel, Surgical Lights, Blood Pressure Cuff"
Procurement Officer,13669,"Blood Pressure Cuff, Surgical Gloves, Stethoscope"
Surgeon,8296,"Stethoscope, Operating Table, Disinfectant"
Clinic,10433,Sterile Gown
Clinic,11317,Operating Table
Clinic,5504,"Surgical Scissors, Blood Pressure Cuff, Monitor"
Hospital,49252,"Syringe, Surgical Gloves, Stethoscope"
Surgeon,9198,"Bandages, Face Masks, Catheter"
Hospital,15613,"Scalpel, Blood Pressure Cuff, Thermometer, Oxygen Mask"
Procurement Officer,14007,"Sterile Gown, Monitor"
Procurement Officer,8470,"IV Drip, Operating Table, Surgical Lights, Retractor, Needle Holder"
Procurement Officer,6982,"Bandages, Scalpel"
Surgeon,2172,"Blood Pressure Cuff, Bandages, Oxygen Mask, Surgical Gloves, Scalpel"
Hospital,25003,Face Masks
Surgeon,2580,"Bandages, Sterile Gown, Syringe, IV Drip, Thermometer"
Procurement Officer,8981,"Disinfectant, IV Drip, Stethoscope, Blood Pressure Cuff"
Procurement Officer,10804,"Disinfectant, Needle Holder, Face Masks, Stethoscope"
Hospital,36386,"Stethoscope, Bandages, IV Drip"
Clinic,11786,"Thermometer, Disinfectant, Surgical Scissors, Sterile Gown"
Procurement Officer,9092,Needle Holder
Hospital,13315,"Surgical Gloves, Scalpel, Bandages, Surgical Scissors, Disinfectant"
Procurement Officer,12886,"Surgical Lights, Face Masks"
Clinic,9209,Surgical Lights
Surgeon,9590,"Operating Table, Disinfectant, Blood Pressure Cuff, Syringe"
Clinic,6111,"IV Drip, Face Masks, Blood Pressure Cuff"
Hospital,30552,Face Masks
Procurement Officer,13238,"Surgical Scissors, Face Masks, Monitor, Scalpel, Catheter"
Hospital,48996,Bandages
Procurement Officer,6964,"Bandages, Oxygen Mask, Face Masks, Scalpel, Disinfectant"
Surgeon,9657,"IV Drip, Forceps, Bandages"
Surgeon,5242,"Operating Table, Needle Holder"
Surgeon,9610,Surgical Gloves
Procurement Officer,15177,"Stethoscope, Scalpel, Blood Pressure Cuff, IV Drip, Sterile Gown"
Clinic,8718,Bandages
Surgeon,4334,"Needle Holder, Blood Pressure Cuff"
Surgeon,7010,"Surgical Gloves, Blood Pressure Cuff, Operating Table, Stethoscope, Thermometer"
Surgeon,2945,Blood Pressure Cuff
Clinic,7462,"Catheter, IV Drip, Forceps"
Clinic,14263,"Monitor, Syringe, Sterile Gown"
Hospital,16048,"Sterile Gown, Face Masks, Surgical Gloves, Forceps"
Clinic,13438,"Surgical Scissors, Needle Holder, Blood Pressure Cuff"
Procurement Officer,14189,Stethoscope
Hospital,19768,"Face Masks, Retractor, Blood Pressure Cuff, Thermometer, Disinfectant"
Clinic,3685,"Retractor, Face Masks, Catheter"
Clinic,14174,"Stethoscope, Retractor"
Procurement Officer,15168,"Bandages, Surgical Scissors"
Clinic,9755,Surgical Scissors
Surgeon,8409,"Bandages, Sterile Gown, Surgical Scissors, Stethoscope"
Procurement Officer,19289,Syringe
Clinic,6269,"Retractor, Operating Table, Bandages, Blood Pressure Cuff"
Hospital,22656,"Forceps, Sterile Gown, Scalpel, Oxygen Mask"
Surgeon,7255,"Surgical Lights, Blood Pressure Cuff, Forceps, Surgical Gloves, Stethoscope"
Surgeon,3462,"Sterile Gown, Face Masks, Stethoscope, Disinfectant, Retractor"
Surgeon,5574,"Monitor, Stethoscope, Surgical Lights, IV Drip, Sterile Gown"
Hospital,38577,Monitor
Clinic,8967,"Scalpel, Forceps, Oxygen Mask, Stethoscope"
Surgeon,6154,"Disinfectant, Forceps, Surgical Lights"
Surgeon,6541,"IV Drip, Disinfectant"
Procurement Officer,16097,"Catheter, Oxygen Mask"
Surgeon,5326,"Surgical Gloves, Operating Table, Oxygen Mask, IV Drip, Disinfectant"
Surgeon,5809,"Needle Holder, IV Drip, Monitor, Syringe"
Clinic,13794,Operating Table
Surgeon,2765,"Operating Table, Bandages"
Clinic,5414,Face Masks
Clinic,10784,"Scalpel, Needle Holder, Disinfectant, IV Drip, Surgical Lights"
Procurement Officer,11547,"Thermometer, Surgical Gloves"
Hospital,37862,"Surgical Scissors, Monitor"
Procurement Officer,5822,"Bandages, Stethoscope, Needle Holder, Thermometer, Blood Pressure Cuff"
Surgeon,9782,"Catheter, Monitor, Disinfectant, Needle Holder"
Clinic,10777,"Sterile Gown, Bandages, Catheter, Monitor"
Procurement Officer,15268,"Sterile Gown, Needle Holder"
Hospital,28725,"Sterile Gown, Forceps"
Surgeon,9315,"Scalpel, Thermometer, Oxygen Mask, Bandages, Surgical Lights"
Clinic,14573,"Scalpel, Disinfectant"
Procurement Officer,10421,"Needle Holder, Disinfectant, Face Masks, IV Drip, Oxygen Mask"
Procurement Officer,19824,"Surgical Gloves, Oxygen Mask, Surgical Lights, Syringe, Catheter"
Surgeon,4446,"Disinfectant, Blood Pressure Cuff, Oxygen Mask, Bandages"
Procurement Officer,8595,"Disinfectant, Syringe, Surgical Gloves"
Procurement Officer,10507,"Surgical Scissors, Needle Holder, Thermometer, Surgical Gloves"
Procurement Officer,14697,"Surgical Gloves, Scalpel, Disinfectant, Thermometer, Needle Holder"
Clinic,3823,"Surgical Lights, Forceps, IV Drip"
Procurement Officer,10355,"Surgical Lights, Sterile Gown, Disinfectant"
Surgeon,8839,Syringe
Hospital,45351,Retractor
Clinic,13651,Face Masks
Hospital,26205,"Surgical Gloves, Thermometer"
Clinic,5068,"Stethoscope, Oxygen Mask, IV Drip, Needle Holder"
Surgeon,8282,"Surgical Scissors, Stethoscope, Catheter"
Surgeon,2885,"Surgical Gloves, Operating Table, Surgical Lights, Blood Pressure Cuff, IV Drip"
Hospital,48803,"Stethoscope, Operating Table"
Hospital,47088,Retractor
Procurement Officer,15838,"Scalpel, Monitor, Forceps"
Hospital,37528,"Stethoscope, Disinfectant, Retractor, Needle Holder"
Clinic,10135,"Monitor, Sterile Gown"
Procurement Officer,12616,"Oxygen Mask, Sterile Gown, Forceps, Bandages"
Hospital,28279,"Bandages, Needle Holder, Surgical Lights, Forceps"
Hospital,42394,"Surgical Scissors, Syringe, IV Drip"
Surgeon,8535,"Forceps, Sterile Gown, Oxygen Mask"
Hospital,43857,"Scalpel, Bandages"
Procurement Officer,13004,"Bandages, Syringe, Oxygen Mask, Needle Holder, Surgical Gloves"
Hospital,29283,"Surgical Lights, Bandages"
Surgeon,7439,"Retractor, Syringe, Blood Pressure Cuff, Monitor, Catheter"
Procurement Officer,17221,"Forceps, Retractor, Needle Holder, Sterile Gown, Operating Table"
Surgeon,3888,IV Drip
Surgeon,2979,"Surgical Scissors, IV Drip, Oxygen Mask, Syringe, Sterile Gown"
Surgeon,2823,"Operating Table, Bandages"
Surgeon,3469,"Surgical Gloves, Blood Pressure Cuff, Thermometer"
Surgeon,2372,Blood Pressure Cuff
Surgeon,7713,"Syringe, Stethoscope"
Hospital,47621,"Syringe, Catheter, Needle Holder"
Surgeon,3510,Sterile Gown
Procurement Officer,6869,Surgical Lights
Procurement Officer,6213,"Face Masks, Thermometer, Oxygen Mask, Operating Table, Scalpel"
Clinic,4940,"Disinfectant, Bandages, Monitor, Surgical Lights, Needle Holder"
Procurement Officer,9871,"Disinfectant, Operating Table, Face Masks, Stethoscope, IV Drip"
Clinic,7335,Surgical Scissors
Clinic,5847,"Scalpel, Surgical Scissors, Surgical Gloves, Disinfectant, Needle Holder"
Procurement Officer,9771,Bandages
Surgeon,7791,"Needle Holder, Scalpel, Bandages"
Surgeon,8453,"IV Drip, Disinfectant, Stethoscope, Bandages, Thermometer"
Surgeon,8771,"Scalpel, Face Masks"
Clinic,8039,"Oxygen Mask, Operating Table, Needle Holder, Stethoscope, Blood Pressure Cuff"
Surgeon,7732,"Sterile Gown, Monitor, Blood Pressure Cuff, Syringe"
Procurement Officer,6317,"Face Masks, Disinfectant, Forceps, Sterile Gown, Surgical Gloves"
Hospital,25002,"Oxygen Mask, Surgical Gloves, Sterile Gown, Face Masks, Surgical Scissors"
Procurement Officer,13502,"Sterile Gown, Surgical Scissors, Disinfectant, Syringe"
Hospital,40802,"Disinfectant, Forceps, Oxygen Mask"
Hospital,20539,"Disinfectant, Syringe, Operating Table"
Procurement Officer,18329,"Face Masks, Needle Holder, Scalpel, Forceps, Sterile Gown"
Surgeon,2949,"Monitor, Surgical Gloves, Blood Pressure Cuff, Needle Holder"
Procurement Officer,5888,"Monitor, Retractor"
Procurement Officer,15246,"Face Masks, IV Drip, Sterile Gown, Thermometer"
Surgeon,5589,"Stethoscope, Surgical Gloves, Bandages, Surgical Scissors"
Surgeon,6512,Blood Pressure Cuff
Procurement Officer,6527,"Stethoscope, Needle Holder"
Hospital,20090,"Operating Table, Monitor, Sterile Gown, Disinfectant"
Procurement Officer,12736,"Needle Holder, Blood Pressure Cuff"
Clinic,9284,"Catheter, Monitor"
Clinic,4143,"Disinfectant, Forceps, Monitor"
Surgeon,8721,Operating Table
Surgeon,8860,"Oxygen Mask, Syringe, Thermometer, Needle Holder, Catheter"
Surgeon,4723,"Blood Pressure Cuff, Surgical Lights, Needle Holder, Forceps, IV Drip"
Clinic,12368,"Bandages, Disinfectant, Face Masks, Forceps"
Procurement Officer,16554,"Surgical Lights, Thermometer, Syringe, Face Masks"
Clinic,11229,"Forceps, Stethoscope, Needle Holder, Oxygen Mask, Blood Pressure Cuff"
Hospital,19447,"Thermometer, Scalpel, Syringe, Sterile Gown"
Surgeon,7105,"Scalpel, Forceps, Blood Pressure Cuff, Surgical Lights"
Surgeon,7134,"Blood Pressure Cuff, Face Masks, Scalpel, Bandages"
Surgeon,3863,Disinfectant
Hospital,16586,"Surgical Scissors, Operating Table, Surgical Gloves, Face Masks"
Surgeon,8522,Operating Table
Surgeon,5070,"Thermometer, Bandages, Monitor, Disinfectant"
Clinic,5785,"Scalpel, Surgical Lights"
Clinic,11153,"Thermometer, Bandages, Needle Holder, Sterile Gown, Blood Pressure Cuff"
Surgeon,7462,Needle Holder
Surgeon,7550,"Surgical Scissors, Scalpel, Needle Holder, Retractor, Operating Table"
Procurement Officer,16310,"Needle Holder, Operating Table, IV Drip"
Procurement Officer,18981,"Stethoscope, Bandages, Surgical Lights, Retractor"
Surgeon,7728,"Surgical Gloves, Surgical Lights, Sterile Gown"
Hospital,47088,Catheter
Procurement Officer,18645,"Bandages, Retractor, Catheter"
Clinic,13172,"Thermometer, Stethoscope, Face Masks"
Surgeon,8460,"Face Masks, Oxygen Mask, Retractor, Thermometer"
Hospital,29340,"Disinfectant, Surgical Scissors, IV Drip"
Clinic,11837,"Monitor, Catheter, Sterile Gown"
Clinic,7210,"Operating Table, Forceps, Stethoscope, Needle Holder"
Hospital,19224,"Surgical Lights, Blood Pressure Cuff"
Surgeon,2739,"Surgical Gloves, Sterile Gown, Blood Pressure Cuff, Stethoscope"
Procurement Officer,11038,"Oxygen Mask, Surgical Lights, Retractor"
Hospital,25323,"Surgical Gloves, Blood Pressure Cuff, Forceps, Bandages"
Hospital,40426,"Disinfectant, Stethoscope, Thermometer"
Hospital,12438,"Syringe, Stethoscope, Oxygen Mask"
Clinic,11807,"Surgical Lights, Needle Holder"
Surgeon,7492,"Disinfectant, Oxygen Mask, Thermometer, Catheter, Stethoscope"
Procurement Officer,15086,"Sterile Gown, Face Masks, Retractor, IV Drip"
Procurement Officer,12285,"Retractor, Stethoscope"
Surgeon,6460,"Face Masks, Surgical Lights, Sterile Gown"
Clinic,5001,"Scalpel, IV Drip, Surgical Gloves, Face Masks"
Surgeon,3995,"Oxygen Mask, IV Drip"
Hospital,46320,"Oxygen Mask, IV Drip"
Clinic,8383,"Catheter, Surgical Gloves"
Surgeon,9032,"Thermometer, Blood Pressure Cuff"
Surgeon,8541,"Stethoscope, Surgical Gloves"
Clinic,3243,"Bandages, Oxygen Mask, Forceps"
Hospital,21419,"Face Masks, Thermometer, Disinfectant"
Hospital,14165,"Needle Holder, Retractor, Monitor, Stethoscope"
Procurement Officer,13254,"Catheter, Face Masks"
Surgeon,5752,Face Masks
Procurement Officer,18882,"Disinfectant, Stethoscope, Syringe, Needle Holder"
Hospital,15294,"Catheter, Thermometer, Scalpel"
Clinic,7505,"Oxygen Mask, Blood Pressure Cuff, Forceps, Surgical Lights, Operating Table"
Procurement Officer,13282,"Disinfectant, Stethoscope, Oxygen Mask, IV Drip, Catheter"
Procurement Officer,19550,"Disinfectant, Forceps"
Procurement Officer,11532,"Stethoscope, Forceps, Disinfectant, Oxygen Mask"
Surgeon,5066,"Syringe, Scalpel"
Hospital,15594,Disinfectant
Hospital,34421,"Blood Pressure Cuff, Face Masks"
Surgeon,7488,Disinfectant
Surgeon,9156,"Face Masks, Operating Table, Oxygen Mask, Retractor"
Hospital,47874,"IV Drip, Thermometer, Syringe, Bandages, Stethoscope"
Surgeon,8925,"Retractor, Stethoscope, Sterile Gown, Bandages, Disinfectant"
Hospital,49911,"Surgical Gloves, Surgical Scissors, Sterile Gown"
Surgeon,9549,"Retractor, Surgical Gloves, Surgical Scissors"
Clinic,12278,"Scalpel, Thermometer, Surgical Gloves, Catheter"
Clinic,9163,"Needle Holder, Forceps, Surgical Scissors, Retractor"
Surgeon,7911,"Oxygen Mask, Scalpel, Face Masks"
Clinic,5579,"Face Masks, Scalpel, Sterile Gown, Needle Holder, Disinfectant"
Procurement Officer,14946,"Disinfectant, Sterile Gown, IV Drip, Monitor"
Hospital,32621,"Stethoscope, Operating Table, Syringe, Monitor"
Surgeon,2372,"Surgical Lights, Face Masks"
Hospital,23397,"IV Drip, Thermometer, Sterile Gown"
Surgeon,4687,Surgical Gloves
Procurement Officer,17239,"Surgical Scissors, Thermometer, Surgical Lights, Bandages"
Surgeon,2590,"Face Masks, Disinfectant, Surgical Gloves, Needle Holder"
Hospital,30516,"Disinfectant, Oxygen Mask, Surgical Lights, Catheter, Operating Table"
Hospital,36544,Forceps
Clinic,13127,"Retractor, Scalpel, Disinfectant, Stethoscope"
Clinic,10138,"Surgical Lights, Monitor, Scalpel, Catheter, Operating Table"
Surgeon,3815,"Surgical Scissors, Scalpel, Monitor"
Hospital,44773,"IV Drip, Retractor, Oxygen Mask, Thermometer, Bandages"
Hospital,19597,"IV Drip, Surgical Scissors, Thermometer"
Hospital,21609,"Needle Holder, Oxygen Mask, Catheter, Forceps"
Surgeon,3236,"Scalpel, Syringe, Needle Holder, Operating Table"
Surgeon,6844,Retractor
Hospital,30342,"Needle Holder, Face Masks, Oxygen Mask, Retractor"
Surgeon,2628,Catheter
Procurement Officer,12581,"Blood Pressure Cuff, Face Masks, Needle Holder, IV Drip, Forceps"
Procurement Officer,13214,"Face Masks, Needle Holder"
Hospital,32507,Monitor
Clinic,3641,"Needle Holder, Catheter"
Clinic,8962,"Operating Table, Surgical Lights, Disinfectant"
Surgeon,7561,"Face Masks, Forceps, Scalpel, Oxygen Mask, Stethoscope"
Procurement Officer,9655,"Catheter, Thermometer, Forceps"
Hospital,48190,"Retractor, Operating Table"
Procurement Officer,7112,"Scalpel, Operating Table, Blood Pressure Cuff, Surgical Lights, Forceps"
Clinic,13979,"Scalpel, Disinfectant, Monitor, Retractor, Surgical Gloves"
Surgeon,4530,"IV Drip, Forceps"
Procurement Officer,8145,"Thermometer, Catheter"
Hospital,29385,Monitor
Hospital,32070,"Thermometer, Surgical Lights, Catheter, Surgical Scissors, Monitor"
Clinic,14815,"Face Masks, Disinfectant, Retractor, Bandages"
Procurement Officer,15003,"Needle Holder, Bandages, Blood Pressure Cuff"
Clinic,8070,"IV Drip, Retractor, Needle Holder, Blood Pressure Cuff"
Surgeon,8374,"Monitor, Catheter, Disinfectant, Surgical Scissors"
Clinic,12906,"Sterile Gown, Face Masks"
Procurement Officer,19321,"Blood Pressure Cuff, Stethoscope, Monitor"
Hospital,28681,Surgical Scissors
Surgeon,5680,"Thermometer, Disinfectant, Scalpel, Bandages, Needle Holder"
Surgeon,9622,Disinfectant
Hospital,35982,"Retractor, Bandages, Surgical Lights, Scalpel, Catheter"
Clinic,3461,"Stethoscope, Forceps, Thermometer"
Clinic,3627,"Syringe, Thermometer, Catheter"
Procurement Officer,15081,Scalpel
Hospital,26772,"Thermometer, Blood Pressure Cuff"
Procurement Officer,6821,"Bandages, Operating Table, Stethoscope"
Hospital,25626,"Catheter, Needle Holder, Scalpel, Stethoscope"
Procurement Officer,14776,"Surgical Gloves, Monitor, Bandages, Thermometer, Operating Table"
Procurement Officer,5025,"Retractor, Bandages, Disinfectant, Surgical Scissors, Scalpel"
Surgeon,2554,"Blood Pressure Cuff, Monitor, Oxygen Mask, Surgical Gloves, Surgical Lights"
Procurement Officer,5713,"Retractor, Sterile Gown, Surgical Gloves, Catheter"
Hospital,32596,"Stethoscope, Oxygen Mask"
Surgeon,3092,Retractor
Surgeon,8664,"Needle Holder, Syringe"
Clinic,5209,Needle Holder
Hospital,29231,"Face Masks, IV Drip"
Hospital,30682,"Monitor, Surgical Lights, Blood Pressure Cuff"
Procurement Officer,9150,IV Drip
Surgeon,4924,Forceps
Surgeon,3019,"Disinfectant, Surgical Lights, Needle Holder"
Procurement Officer,10554,"Syringe, Catheter"
Surgeon,9571,"Sterile Gown, Scalpel, Disinfectant, Oxygen Mask, Blood Pressure Cuff"
Clinic,11937,"Forceps, Stethoscope, Scalpel"
Surgeon,7414,"Operating Table, Needle Holder, Disinfectant"
Clinic,14301,"Retractor, Needle Holder, Face Masks, Catheter"
Procurement Officer,9498,Scalpel
Procurement Officer,10952,"Surgical Scissors, Surgical Gloves, Thermometer, Needle Holder, Face Masks"
Clinic,4101,"Retractor, Catheter"
Procurement Officer,14293,Catheter
Clinic,14125,"Retractor, Catheter, Needle Holder, Scalpel"
Clinic,11674,"Surgical Lights, Forceps, Sterile Gown"
Clinic,4858,Surgical Scissors
Procurement Officer,13482,"Blood Pressure Cuff, Stethoscope, Sterile Gown, Catheter"
Procurement Officer,8515,"Operating Table, Syringe, IV Drip, Stethoscope, Thermometer"
Hospital,39625,"Needle Holder, Scalpel"
Surgeon,7470,"Scalpel, Blood Pressure Cuff, Oxygen Mask"
Surgeon,9301,"Surgical Scissors, Catheter, Retractor"
Clinic,4988,"Thermometer, Bandages"
Procurement Officer,5430,"Blood Pressure Cuff, Oxygen Mask, Retractor"
Procurement Officer,18167,"Thermometer, Scalpel, Oxygen Mask, Operating Table, Surgical Lights"
Procurement Officer,13612,"Disinfectant, Oxygen Mask, Scalpel, Thermometer"
Surgeon,7262,Needle Holder
Procurement Officer,16142,"Retractor, Thermometer, Blood Pressure Cuff, Surgical Scissors, Oxygen Mask"
Procurement Officer,13238,Stethoscope
Clinic,7982,"Surgical Scissors, Forceps"
Clinic,8669,"Operating Table, Scalpel, Sterile Gown, IV Drip, Blood Pressure Cuff"
Clinic,13240,"Catheter, Blood Pressure Cuff, Scalpel"
Clinic,12696,"Thermometer, Surgical Scissors, Forceps, Face Masks, Surgical Gloves"
Hospital,12979,"Sterile Gown, IV Drip, Disinfectant, Surgical Gloves, Syringe"
Surgeon,7258,"Syringe, Bandages, Surgical Lights"
Surgeon,5715,Face Masks
Clinic,10202,"Syringe, Needle Holder, IV Drip, Forceps"
Clinic,8121,"Retractor, Surgical Lights, Thermometer"
Surgeon,6218,"Stethoscope, Forceps, Bandages, Needle Holder, Catheter"
Surgeon,5683,"Thermometer, Stethoscope"
Hospital,29019,"Catheter, Disinfectant, Bandages, Surgical Scissors"
Surgeon,9649,"Forceps, IV Drip, Surgical Scissors, Syringe, Needle Holder"
Procurement Officer,19402,"Syringe, Surgical Gloves, Scalpel"
Procurement Officer,13281,"Bandages, IV Drip, Retractor, Face Masks"
Hospital,28438,"Catheter, Syringe, Operating Table, Surgical Gloves"
Hospital,38241,"Sterile Gown, Retractor"
Procurement Officer,10995,Surgical Lights
Hospital,47373,"IV Drip, Retractor, Blood Pressure Cuff, Operating Table, Scalpel"
Procurement Officer,13261,"Blood Pressure Cuff, Sterile Gown, Stethoscope, Thermometer"
Hospital,35814,"Forceps, Blood Pressure Cuff, Retractor"
Clinic,6261,"Monitor, Surgical Lights, Catheter, Face Masks, Blood Pressure Cuff"
Hospital,18980,"Syringe, Monitor, Needle Holder"
Clinic,12932,"Thermometer, Forceps, Oxygen Mask, Surgical Scissors, Surgical Lights"
Surgeon,6863,"Monitor, Catheter, Blood Pressure Cuff"
Procurement Officer,16611,"Operating Table, Syringe, Surgical Gloves, Retractor, Forceps"
Hospital,37298,"Operating Table, Surgical Gloves, Syringe, Sterile Gown, Bandages"
Hospital,48241,"Surgical Scissors, Monitor, Surgical Lights, Thermometer"
Clinic,3517,"Stethoscope, IV Drip, Surgical Gloves, Needle Holder, Forceps"
Procurement Officer,7481,"IV Drip, Disinfectant, Monitor, Syringe"
Hospital,19049,"IV Drip, Blood Pressure Cuff, Forceps, Syringe, Surgical Lights"
Surgeon,9837,"Needle Holder, Blood Pressure Cuff"
Surgeon,6475,"Sterile Gown, Syringe, IV Drip"
Clinic,7571,"Operating Table, Bandages, Catheter, Blood Pressure Cuff, IV Drip"
Procurement Officer,10194,"Retractor, Blood Pressure Cuff, Sterile Gown, Operating Table"
Hospital,47583,"Surgical Lights, Catheter, Retractor, Thermometer, Operating Table"
Hospital,28850,Retractor
Procurement Officer,15747,"Syringe, IV Drip, Oxygen Mask"
Surgeon,9643,"Sterile Gown, Thermometer, Stethoscope, Bandages, Monitor"
Hospital,44802,"Bandages, Face Masks"
Hospital,37086,"Syringe, Stethoscope, Thermometer"
Hospital,46067,"Disinfectant, Syringe"
Procurement Officer,15658,"Operating Table, Forceps"
Surgeon,7291,Scalpel
Clinic,11767,Surgical Scissors
Procurement Officer,19454,"Face Masks, Surgical Lights"
Procurement Officer,8052,"Face Masks, Surgical Gloves, Operating Table"
Hospital,31957,"Needle Holder, Blood Pressure Cuff, Monitor"
Procurement Officer,19569,"Monitor, Needle Holder"
Surgeon,3579,Forceps
Clinic,14978,"Sterile Gown, Surgical Scissors, Surgical Gloves, Forceps"
Surgeon,6651,"Surgical Scissors, Surgical Lights"
Procurement Officer,13442,"Scalpel, Surgical Lights, Stethoscope"
Clinic,5303,"Forceps, Bandages, Surgical Gloves, Sterile Gown"
Procurement Officer,8858,"Sterile Gown, Forceps, Operating Table, Surgical Gloves"
Surgeon,7354,"Bandages, Face Masks, Stethoscope"
Procurement Officer,10026,"Surgical Lights, Monitor"
Surgeon,7654,Operating Table
Surgeon,7035,"Bandages, Thermometer"
Procurement Officer,7509,"Catheter, Retractor, Disinfectant, Syringe"
Clinic,7054,"Scalpel, Monitor, Needle Holder, Oxygen Mask, Retractor"
Hospital,46973,Face Masks
Clinic,12383,"Thermometer, Surgical Scissors, Forceps, Monitor, Needle Holder"
Hospital,23461,"Syringe, Scalpel, Monitor, Needle Holder, Face Masks"
Procurement Officer,7161,"Disinfectant, Needle Holder, Face Masks, Oxygen Mask, Operating Table"
Hospital,35948,"Surgical Gloves, IV Drip, Scalpel"
Hospital,37767,"Scalpel, Blood Pressure Cuff, Face Masks"
Hospital,40937,Operating Table
Procurement Officer,7948,"Disinfectant, Retractor"
Procurement Officer,12348,"Surgical Lights, Scalpel, Blood Pressure Cuff, Thermometer"
Surgeon,2971,"Blood Pressure Cuff, Surgical Lights"
Clinic,14925,"Surgical Gloves, Catheter"
Surgeon,5792,"Disinfectant, Blood Pressure Cuff, Surgical Lights, Bandages, Monitor"
Procurement Officer,10671,"Sterile Gown, IV Drip"
Hospital,12111,"Catheter, Surgical Gloves, Bandages, IV Drip"
Hospital,16612,"Face Masks, Needle Holder, Catheter, Bandages, Blood Pressure Cuff"
Procurement Officer,12191,"Blood Pressure Cuff, IV Drip"
Hospital,19183,"Operating Table, Bandages, Forceps, Blood Pressure Cuff, Oxygen Mask"
Surgeon,9178,"Monitor, Bandages"
Procurement Officer,9923,"Face Masks, Blood Pressure Cuff, Surgical Scissors"
Procurement Officer,14107,"Face Masks, Retractor, Surgical Lights, Monitor"
Surgeon,7704,"Disinfectant, Thermometer, Operating Table, Surgical Lights"
Clinic,11813,"Bandages, Catheter, Operating Table, Thermometer"
Procurement Officer,19987,Blood Pressure Cuff
Procurement Officer,11824,"Monitor, Thermometer, Surgical Lights, Bandages, Sterile Gown"
Clinic,8411,Needle Holder
Surgeon,2757,"IV Drip, Face Masks, Sterile Gown, Surgical Lights, Oxygen Mask"
Hospital,22331,"Blood Pressure Cuff, IV Drip, Syringe, Oxygen Mask, Forceps"
Surgeon,9839,IV Drip
Clinic,4922,"Bandages, IV Drip, Surgical Lights, Catheter"
Surgeon,8353,"Surgical Lights, Needle Holder, Blood Pressure Cuff"
Surgeon,4526,"Retractor, Monitor, Syringe"
Procurement Officer,6615,"Forceps, IV Drip, Retractor, Catheter"
Procurement Officer,5749,"Bandages, Thermometer, Surgical Gloves, Sterile Gown, Disinfectant"
Surgeon,3248,"Forceps, Bandages"
Procurement Officer,14335,"Syringe, Blood Pressure Cuff"
Surgeon,4108,"Syringe, Needle Holder, Surgical Scissors, Retractor"
Clinic,5293,"Syringe, Surgical Scissors, Blood Pressure Cuff, Face Masks, Monitor"
Hospital,13179,Disinfectant
Clinic,13333,"Scalpel, Thermometer"
Hospital,24334,"Needle Holder, Retractor, Face Masks, Syringe, Monitor"
Hospital,10433,"Blood Pressure Cuff, Disinfectant, Surgical Gloves, Catheter, Sterile Gown"
Surgeon,2140,"Disinfectant, Surgical Scissors, Stethoscope, Blood Pressure Cuff, Thermometer"
Clinic,6144,"Monitor, Sterile Gown, Retractor, Oxygen Mask, Surgical Lights"
Hospital,34448,"Needle Holder, Oxygen Mask, Bandages, Blood Pressure Cuff"
Surgeon,7603,Face Masks
Hospital,36560,"Surgical Lights, Blood Pressure Cuff, Syringe, Face Masks"
Hospital,21231,Syringe
Procurement Officer,15566,"Oxygen Mask, Stethoscope, Monitor"
Hospital,25057,"Oxygen Mask, Syringe"
Surgeon,2381,Sterile Gown
Hospital,21754,"Surgical Gloves, IV Drip, Thermometer"
Procurement Officer,6260,"Surgical Scissors, Oxygen Mask, Bandages"
Procurement Officer,16092,"Forceps, Surgical Lights, Thermometer, Scalpel, Retractor"
Hospital,16401,"Bandages, Scalpel, Forceps, Surgical Lights"
Surgeon,2242,"Needle Holder, Syringe, Bandages"
Surgeon,6530,"Disinfectant, Surgical Scissors, Surgical Lights, Scalpel"
Surgeon,8537,"Scalpel, Catheter"
Surgeon,3263,"Thermometer, Surgical Lights, Forceps, Retractor"
Hospital,15997,Operating Table
Procurement Officer,10896,"Stethoscope, Thermometer, Scalpel"
Clinic,10061,"Blood Pressure Cuff, Catheter, Monitor, Disinfectant"
Hospital,11721,Retractor
Hospital,49120,"Forceps, Surgical Lights, Surgical Gloves, Operating Table, Disinfectant"
Procurement Officer,17765,Blood Pressure Cuff
Clinic,12370,"Surgical Scissors, Surgical Lights, Catheter, Thermometer, Sterile Gown"
Surgeon,4198,"Thermometer, Scalpel, Surgical Scissors, Disinfectant"
Surgeon,5449,"Syringe, Scalpel, Retractor"
Surgeon,9735,"Syringe, IV Drip"
Procurement Officer,6752,"Operating Table, Surgical Gloves"
Procurement Officer,10443,"Surgical Lights, Forceps, Needle Holder, Oxygen Mask, Disinfectant"
Clinic,7922,"Catheter, IV Drip, Syringe"
Surgeon,3455,"Forceps, Operating Table, Syringe, Bandages"
Surgeon,5080,"Surgical Lights, Retractor, Stethoscope"
Clinic,12703,"Surgical Scissors, Blood Pressure Cuff, Surgical Gloves, Needle Holder, IV Drip"
Procurement Officer,18069,"Scalpel, Disinfectant, Syringe"
Clinic,13376,"Bandages, Sterile Gown, Thermometer"
Procurement Officer,17928,"Scalpel, Needle Holder, Syringe, Surgical Lights"
Procurement Officer,13907,Retractor
Hospital,17167,"Retractor, Surgical Scissors"
Hospital,46911,"Forceps, Disinfectant, Stethoscope, Surgical Gloves"
Hospital,26956,"Monitor, Catheter"
Clinic,10303,"Surgical Lights, Needle Holder, Monitor"
Clinic,8651,Syringe
Hospital,29361,"Scalpel, Stethoscope, Thermometer, Retractor"
Surgeon,4810,"IV Drip, Monitor, Syringe, Retractor"
Procurement Officer,6599,"Needle Holder, Forceps, Scalpel, Operating Table"
Hospital,17542,Forceps
Hospital,20771,"Monitor, Surgical Scissors"
Clinic,8422,"Disinfectant, Needle Holder, Bandages, Surgical Lights, Surgical Scissors"
Clinic,13493,"Surgical Lights, Surgical Gloves, IV Drip, Needle Holder"
Procurement Officer,11370,IV Drip
Clinic,7560,Oxygen Mask
Hospital,45185,"Retractor, Forceps"
Clinic,10496,Sterile Gown
Procurement Officer,13646,"Catheter, Surgical Lights, Oxygen Mask"
Hospital,32801,"Needle Holder, Surgical Scissors, Operating Table"
Hospital,18778,"Stethoscope, Bandages, Operating Table"
Hospital,21996,"Thermometer, Monitor, Surgical Lights"
Procurement Officer,14771,"Oxygen Mask, Surgical Lights"
Procurement Officer,8043,"Blood Pressure Cuff, Surgical Scissors, Catheter, Oxygen Mask"
Procurement Officer,9732,"Surgical Scissors, Forceps"
Procurement Officer,15148,Retractor
Hospital,41759,"IV Drip, Surgical Lights"
Procurement Officer,11703,"Disinfectant, Needle Holder, Syringe, Surgical Scissors"
Hospital,47053,Bandages
Surgeon,2267,"Bandages, Blood Pressure Cuff, Operating Table"
Clinic,10492,"Syringe, Blood Pressure Cuff, Monitor, Stethoscope, Oxygen Mask"
Surgeon,8349,"Retractor, Blood Pressure Cuff, Face Masks, Needle Holder, IV Drip"
Procurement Officer,6677,"Operating Table, Face Masks"
Procurement Officer,9305,"Scalpel, Needle Holder, Stethoscope"
Clinic,6438,"Retractor, Disinfectant, Surgical Scissors, Thermometer, IV Drip"
Clinic,3972,"Retractor, Blood Pressure Cuff, Sterile Gown, Surgical Scissors, Forceps"
Surgeon,4370,"Sterile Gown, Monitor, Stethoscope, Thermometer, Disinfectant"
Hospital,28174,"Thermometer, Bandages"
Clinic,14655,"Bandages, Surgical Lights, Syringe"
Clinic,12460,"Disinfectant, Surgical Lights, Needle Holder"
Hospital,16101,"Monitor, Sterile Gown, Retractor, Needle Holder"
Procurement Officer,10362,"Surgical Gloves, Scalpel, Needle Holder, Retractor, Oxygen Mask"
Procurement Officer,8568,"IV Drip, Syringe, Sterile Gown, Forceps"
Surgeon,4766,"Oxygen Mask, Thermometer, Syringe, Forceps, Face Masks"
Hospital,16525,"Surgical Gloves, Stethoscope, Surgical Scissors, Needle Holder"
Procurement Officer,5011,"IV Drip, Thermometer, Operating Table, Surgical Scissors"
Surgeon,2764,"Sterile Gown, Scalpel, Retractor"
Clinic,3848,"Operating Table, Bandages, Disinfectant, Scalpel"
Hospital,10071,"Syringe, Scalpel"
Clinic,12726,"Monitor, Needle Holder"
Hospital,10528,"Stethoscope, Disinfectant, Thermometer"
Procurement Officer,6160,"Surgical Lights, Scalpel"
Hospital,16763,"Retractor, Operating Table, Thermometer"
Procurement Officer,17672,"Thermometer, Scalpel"
Hospital,49997,"Needle Holder, Retractor"
Clinic,13290,"Disinfectant, Needle Holder"
Clinic,4420,Thermometer
Hospital,48638,"Retractor, Disinfectant, Forceps, Thermometer"
Clinic,7537,Bandages
Surgeon,8381,Operating Table
Clinic,11482,"Monitor, IV Drip, Surgical Lights, Operating Table, Face Masks"
Clinic,11108,"Stethoscope, Bandages, Syringe, Scalpel"
Hospital,33664,"Thermometer, Surgical Lights, Disinfectant"
Surgeon,6475,"Syringe, Scalpel"
Hospital,48493,Surgical Gloves
Surgeon,3767,Face Masks
Procurement Officer,13300,"Monitor, Disinfectant, Oxygen Mask"
Procurement Officer,6350,"Blood Pressure Cuff, Thermometer, Sterile Gown, Scalpel, Operating Table"
Hospital,43508,"Thermometer, Blood Pressure Cuff"
Surgeon,5200,"Scalpel, Operating Table, Disinfectant, Bandages, Face Masks"
Clinic,4412,"Stethoscope, Needle Holder, Face Masks, Operating Table"
Clinic,4956,Thermometer
Hospital,20736,"Retractor, Monitor, Oxygen Mask, Sterile Gown"
Clinic,9092,"Sterile Gown, Stethoscope"
Hospital,31955,"Sterile Gown, Monitor, Scalpel, Catheter"
Hospital,42515,"Monitor, Retractor, Face Masks, Syringe"
Clinic,9024,"Sterile Gown, Stethoscope"
Hospital,24968,"Surgical Gloves, Face Masks, Catheter, Bandages, Oxygen Mask"
Procurement Officer,10963,"Thermometer, Surgical Scissors, Face Masks, Disinfectant"
Clinic,8272,"Disinfectant, Forceps"
Surgeon,8766,Oxygen Mask
Surgeon,2978,"Face Masks, Surgical Scissors, Bandages, Monitor, Catheter"
Procurement Officer,6129,"Operating Table, Catheter, Forceps, Scalpel"
Procurement Officer,5130,"IV Drip, Operating Table, Oxygen Mask"
Clinic,10600,"Oxygen Mask, Syringe, IV Drip"
Clinic,5466,Disinfectant
Hospital,25269,"Retractor, Surgical Gloves, Forceps, Oxygen Mask, Surgical Lights"
Surgeon,2851,"Monitor, Bandages"
Procurement Officer,13061,Thermometer
Surgeon,2762,Bandages
Procurement Officer,16482,"Needle Holder, Scalpel, Stethoscope"
Clinic,13440,"Scalpel, Oxygen Mask, Face Masks, Disinfectant"
Clinic,6879,"Sterile Gown, Forceps, Surgical Lights"
Surgeon,4605,"Sterile Gown, Bandages, Scalpel, IV Drip"
Clinic,12579,Thermometer
Hospital,20772,"Needle Holder, Forceps, Disinfectant, Stethoscope"
Surgeon,9902,"Needle Holder, Operating Table"
Procurement Officer,9341,Scalpel
Clinic,14240,"Catheter, Face Masks, IV Drip"
Surgeon,3215,Bandages
Surgeon,5246,"Face Masks, Operating Table, Sterile Gown, Surgical Scissors, Surgical Gloves"
Procurement Officer,19001,"Blood Pressure Cuff, Catheter, Bandages, Stethoscope"
Procurement Officer,6669,"Stethoscope, Surgical Gloves"
Hospital,24567,"IV Drip, Surgical Lights"
Surgeon,7622,Oxygen Mask
Surgeon,9515,Surgical Gloves
Hospital,22959,"Thermometer, Scalpel, Forceps, Stethoscope"
Hospital,40211,Surgical Scissors
Procurement Officer,18462,"Syringe, Surgical Gloves, Surgical Lights, Disinfectant"
Clinic,8799,"Surgical Scissors, Sterile Gown"
Surgeon,5653,"Face Masks, Bandages"
Surgeon,6086,"Blood Pressure Cuff, Syringe, Face Masks, Scalpel"
Surgeon,5137,"Disinfectant, IV Drip"
Clinic,13334,"Surgical Gloves, Surgical Lights, Retractor, Syringe, Monitor"
Surgeon,9476,"Monitor, Forceps, Surgical Lights, Sterile Gown, Surgical Scissors"
Hospital,30897,"Bandages, Surgical Gloves, Sterile Gown, Face Masks, Syringe"
Surgeon,8281,"Bandages, Surgical Scissors, Stethoscope, Catheter, Monitor"
Surgeon,6371,Bandages
Procurement Officer,10813,"Surgical Scissors, Bandages"
Surgeon,8604,"Oxygen Mask, Surgical Gloves, Retractor"
Clinic,12225,"Syringe, Blood Pressure Cuff"
Surgeon,3438,"Face Masks, Scalpel, Catheter, Bandages"
Clinic,3326,"Syringe, Surgical Gloves, Forceps, IV Drip, Thermometer"
Surgeon,7873,"Forceps, Face Masks"
Hospital,19680,"Thermometer, Stethoscope, Monitor, Retractor, Scalpel"
Surgeon,7771,"Oxygen Mask, Stethoscope, Forceps, Operating Table"
Surgeon,3117,"Disinfectant, Syringe"
Surgeon,3427,"Catheter, Retractor, Bandages, Surgical Scissors, Surgical Lights"
Surgeon,8012,"Thermometer, Surgical Scissors, Surgical Gloves"
Procurement Officer,18938,"Face Masks, Surgical Scissors, Forceps, Bandages, Stethoscope"
Procurement Officer,7304,"Scalpel, Bandages, Retractor"
Surgeon,3375,Forceps
Procurement Officer,5186,"IV Drip, Bandages, Scalpel"
Surgeon,4102,Surgical Gloves
Hospital,35292,"Disinfectant, Surgical Scissors, Catheter, Syringe"
Procurement Officer,10754,"Surgical Lights, Stethoscope, Syringe, Bandages, Surgical Scissors"
Procurement Officer,6207,Operating Table
Hospital,30887,"Stethoscope, Scalpel, Forceps"
Clinic,9151,"Scalpel, Blood Pressure Cuff"
Hospital,32147,"Catheter, Syringe, Surgical Gloves, Disinfectant, Surgical Scissors"
Procurement Officer,7573,Stethoscope
Surgeon,3683,"Disinfectant, Blood Pressure Cuff"
Surgeon,7411,"Operating Table, Bandages, Stethoscope"
Hospital,35749,"Blood Pressure Cuff, Syringe, Thermometer, Face Masks, Retractor"
Hospital,38023,Operating Table
Procurement Officer,8271,Surgical Gloves
Clinic,5798,"Scalpel, Syringe, Stethoscope"
Surgeon,8429,"Syringe, Catheter, Sterile Gown, Scalpel"
Procurement Officer,8029,"Surgical Lights, Retractor, Surgical Scissors"
Procurement Officer,5731,"Needle Holder, Catheter, Sterile Gown"
Clinic,7400,"Face Masks, Thermometer, Stethoscope, Scalpel, Retractor"
Procurement Officer,17393,"Bandages, Blood Pressure Cuff, Face Masks, Surgical Lights, Disinfectant"
Procurement Officer,14383,"Syringe, Operating Table"
Hospital,35873,Monitor
Clinic,4970,"Surgical Scissors, Catheter, IV Drip, Blood Pressure Cuff"
Clinic,3699,"Scalpel, Disinfectant, IV Drip, Thermometer"
Surgeon,4619,Scalpel
Procurement Officer,14115,"Blood Pressure Cuff, Forceps, Sterile Gown, Monitor"
Procurement Officer,19310,Catheter
Procurement Officer,6843,"Thermometer, Catheter, Stethoscope, Blood Pressure Cuff"
Hospital,28749,"Retractor, Disinfectant, Sterile Gown, Surgical Lights, Syringe"
Procurement Officer,5613,"Sterile Gown, Surgical Lights"
Clinic,13129,"Surgical Lights, Face Masks, Catheter, Forceps, Bandages"
Hospital,41143,"Retractor, Surgical Gloves, Forceps"
Surgeon,4547,"Syringe, Stethoscope, Bandages"
Clinic,7923,"Forceps, Sterile Gown, Disinfectant, Scalpel"
Clinic,10237,"Disinfectant, Syringe"
Surgeon,8725,Monitor
Clinic,4075,"Monitor, Surgical Lights, Thermometer"
Hospital,21386,"IV Drip, Face Masks"
Clinic,3541,"Face Masks, Retractor, IV Drip, Sterile Gown"
Surgeon,8746,"Monitor, Surgical Lights, Stethoscope, Surgical Gloves"
Clinic,9102,"Catheter, Needle Holder, Surgical Scissors, Syringe"
Surgeon,4820,"Sterile Gown, Scalpel"
Surgeon,2224,"Face Masks, Surgical Scissors, IV Drip, Bandages"
Clinic,14103,"Sterile Gown, Disinfectant"
Hospital,10583,"Thermometer, Surgical Scissors, Surgical Gloves, Bandages"
Surgeon,6983,"Sterile Gown, Disinfectant, Surgical Lights"
Surgeon,5760,"IV Drip, Needle Holder, Operating Table"
Procurement Officer,14576,Surgical Gloves
Surgeon,6599,"Catheter, Operating Table, Oxygen Mask, Stethoscope, Syringe"
Hospital,32038,"Forceps, Sterile Gown, Oxygen Mask"
Surgeon,3543,"Monitor, Bandages"
Hospital,49323,"Forceps, Thermometer, Surgical Gloves, Syringe"
Surgeon,4125,"Surgical Lights, Catheter, Face Masks, IV Drip"
Surgeon,7951,"Blood Pressure Cuff, Syringe"
Surgeon,6155,"Surgical Scissors, Blood Pressure Cuff, Catheter"
Surgeon,2799,"Thermometer, Sterile Gown, Blood Pressure Cuff, Surgical Scissors"
Surgeon,7361,Bandages
Surgeon,3829,"Disinfectant, Forceps, Retractor"
Surgeon,6796,"Needle Holder, Stethoscope, Syringe"
Hospital,48245,"Catheter, Scalpel, Syringe, IV Drip, Stethoscope"
Procurement Officer,13680,"Disinfectant, Face Masks, Thermometer"
Clinic,6281,"Disinfectant, Oxygen Mask, Needle Holder"
Clinic,8183,"Scalpel, Syringe"
Surgeon,7169,"Forceps, Face Masks"
Hospital,39625,"IV Drip, Surgical Scissors, Oxygen Mask"
Procurement Officer,17864,Thermometer
Procurement Officer,15379,"Surgical Lights, Disinfectant, Syringe, Catheter"
Hospital,12472,"IV Drip, Retractor, Surgical Gloves, Forceps, Catheter"
Hospital,10270,"Bandages, Retractor"
Surgeon,3056,Surgical Lights
Surgeon,3368,Face Masks
Surgeon,9769,"Needle Holder, Monitor, Oxygen Mask"
Surgeon,5552,"Forceps, Syringe"
Surgeon,8144,"Surgical Scissors, Surgical Lights"
Hospital,24969,"Thermometer, IV Drip"
Hospital,48646,"Surgical Scissors, Stethoscope, Retractor, Face Masks, Surgical Lights"
Surgeon,8318,"Catheter, Face Masks, Oxygen Mask, Stethoscope, Surgical Gloves"
Hospital,17588,"Needle Holder, Surgical Lights, Stethoscope, Sterile Gown"
Procurement Officer,16499,"IV Drip, Surgical Gloves"
Surgeon,5447,Monitor
Surgeon,7101,"Thermometer, Disinfectant, Stethoscope, Monitor, Blood Pressure Cuff"
Surgeon,2933,Syringe
Clinic,12977,"Sterile Gown, Monitor"
Clinic,8864,"Operating Table, Surgical Scissors, Face Masks, Syringe"
Clinic,14275,"Forceps, Bandages, Surgical Gloves, Blood Pressure Cuff"
Hospital,17237,"Syringe, Thermometer, Scalpel, Monitor, Blood Pressure Cuff"
Hospital,26770,"Needle Holder, Operating Table"
Surgeon,5803,Stethoscope
Clinic,3646,"Retractor, Forceps, Disinfectant"
Hospital,16225,Surgical Gloves
Clinic,13868,"Forceps, Retractor"
Procurement Officer,15187,"Scalpel, Retractor, Forceps"
Clinic,4865,"Surgical Lights, Needle Holder, Sterile Gown, Catheter"
Procurement Officer,18105,"Surgical Scissors, Stethoscope, Thermometer, Face Masks"
Clinic,4699,"Oxygen Mask, Syringe, Needle Holder, Surgical Scissors"
Procurement Officer,17765,"Catheter, Surgical Gloves, Thermometer"
Procurement Officer,12997,Disinfectant
Procurement Officer,5753,Sterile Gown
Surgeon,2101,"Oxygen Mask, Catheter, Bandages, Forceps, Stethoscope"
Procurement Officer,15841,"Syringe, Retractor"
Procurement Officer,7435,"Catheter, Face Masks, Surgical Gloves, Surgical Scissors, Syringe"
Procurement Officer,19244,"Scalpel, Syringe"
Surgeon,3973,"Sterile Gown, Face Masks, Monitor"
Clinic,12019,"Surgical Lights, Bandages, Scalpel, Needle Holder"
Procurement Officer,18127,"Needle Holder, Scalpel, Syringe, Catheter, Forceps"
Hospital,42595,Stethoscope
Procurement Officer,11755,Blood Pressure Cuff
Hospital,15956,"Catheter, Operating Table, Monitor, IV Drip, Needle Holder"
Surgeon,4976,Bandages
Procurement Officer,10439,"Catheter, Syringe, Retractor, Needle Holder, Stethoscope"
Hospital,24532,Forceps
Surgeon,8798,"Blood Pressure Cuff, Monitor, Retractor"
Hospital,13000,"Syringe, Thermometer"
Procurement Officer,6752,"Catheter, IV Drip, Oxygen Mask"
Hospital,35748,"Needle Holder, IV Drip"
Surgeon,2882,"Face Masks, Oxygen Mask, Stethoscope, Needle Holder"
Procurement Officer,15788,"Monitor, Thermometer, Syringe, Surgical Gloves, Face Masks"
Procurement Officer,18743,"Syringe, Monitor, Surgical Scissors, Blood Pressure Cuff, Thermometer"
Hospital,35389,"Catheter, Forceps, Monitor, Surgical Lights, Disinfectant"
Clinic,7482,"Forceps, Operating Table, Needle Holder, Thermometer"
Clinic,9762,"Monitor, Operating Table, Blood Pressure Cuff, Forceps, IV Drip"
Clinic,6435,"Operating Table, Retractor, Thermometer, Surgical Scissors, Forceps"
Hospital,33084,"Syringe, Oxygen Mask, Disinfectant, Operating Table, Blood Pressure Cuff"
Hospital,44257,Surgical Gloves
Procurement Officer,7381,Face Masks
Clinic,7374,"Operating Table, Sterile Gown"
Clinic,4016,"IV Drip, Blood Pressure Cuff, Face Masks"
Surgeon,8668,"Stethoscope, Blood Pressure Cuff, Bandages, Surgical Lights"
Clinic,11370,"Face Masks, Surgical Lights, Oxygen Mask"
Procurement Officer,17912,"Blood Pressure Cuff, Face Masks, Surgical Gloves"
Surgeon,3663,"Needle Holder, Bandages, Retractor, IV Drip, Monitor"
Surgeon,5676,"Scalpel, Surgical Scissors"
Clinic,11418,Surgical Lights
Hospital,38082,"Blood Pressure Cuff, Sterile Gown, Thermometer"
Clinic,12568,"Surgical Gloves, Forceps, Needle Holder"
Clinic,3654,"Forceps, Face Masks"
Surgeon,6018,"Blood Pressure Cuff, Retractor, Scalpel, Forceps, Bandages"
Clinic,11529,Monitor
Clinic,9814,"Blood Pressure Cuff, Surgical Lights, Scalpel, Retractor, Bandages"
Clinic,13868,"Forceps, Retractor, Operating Table"
Clinic,13129,"Syringe, Blood Pressure Cuff, Surgical Gloves, Stethoscope, Retractor"
Procurement Officer,8937,"Catheter, Bandages, Face Masks, Forceps, Surgical Lights"
Hospital,35288,"Blood Pressure Cuff, Operating Table, Surgical Gloves"
Surgeon,6213,"Needle Holder, Syringe, Face Masks, Operating Table, IV Drip"
Surgeon,6209,Stethoscope
Clinic,11814,"Surgical Gloves, Scalpel, IV Drip, Blood Pressure Cuff, Disinfectant"
Hospital,23472,"Disinfectant, Scalpel, Thermometer, Surgical Gloves, Needle Holder"
Surgeon,2310,Scalpel
Hospital,21664,"Blood Pressure Cuff, Scalpel, Bandages"
Surgeon,5339,"Needle Holder, Surgical Lights, Disinfectant, Forceps"
Hospital,35526,Blood Pressure Cuff
Hospital,14144,"Face Masks, Scalpel, Retractor, Monitor, Stethoscope"
Surgeon,8446,"Catheter, Scalpel, Operating Table"
Procurement Officer,11249,"Surgical Gloves, Syringe, Surgical Scissors, Bandages"
Clinic,9406,"Operating Table, Thermometer, Catheter, Retractor, Surgical Gloves"
Clinic,5019,Surgical Gloves
Procurement Officer,13800,"Scalpel, Operating Table, IV Drip, Retractor, Blood Pressure Cuff"
Procurement Officer,19837,"Thermometer, Surgical Scissors, Oxygen Mask, Bandages, Sterile Gown"
Clinic,4877,"Oxygen Mask, Face Masks"
Procurement Officer,15562,"Scalpel, Operating Table, Catheter, Sterile Gown, Stethoscope"
Clinic,14888,"Syringe, Forceps, Retractor, Thermometer, Bandages"
Hospital,28686,"Scalpel, IV Drip, Forceps, Syringe, Needle Holder"
Surgeon,7049,"Oxygen Mask, Thermometer, Retractor"
Surgeon,9853,"Surgical Scissors, Surgical Gloves, Forceps, Bandages"
Clinic,14668,"Sterile Gown, Retractor, Thermometer, Forceps"
Procurement Officer,12583,"Retractor, Operating Table, Syringe, Stethoscope"
Clinic,13576,"Scalpel, Sterile Gown, Thermometer, IV Drip, Oxygen Mask"
Hospital,14941,Monitor
Hospital,48134,"Surgical Lights, Oxygen Mask, IV Drip, Face Masks, Sterile Gown"
Procurement Officer,15713,"Retractor, Surgical Lights"
Clinic,12660,"Thermometer, Needle Holder, Monitor"
Hospital,36003,"Monitor, Surgical Gloves, Bandages"
Clinic,11423,"Needle Holder, Surgical Scissors"
Clinic,12279,"Thermometer, Syringe, Retractor, Face Masks, Bandages"
Procurement Officer,8796,Sterile Gown
Surgeon,3917,IV Drip
Surgeon,5179,"Needle Holder, Face Masks, Oxygen Mask, Forceps"
Hospital,44168,"Sterile Gown, Oxygen Mask, Blood Pressure Cuff"
Clinic,9171,"Retractor, Oxygen Mask, Scalpel, Monitor"
Surgeon,5082,"Monitor, Surgical Lights"
Surgeon,8694,"Syringe, Catheter, Surgical Gloves"
Clinic,10207,"Bandages, Scalpel"
Surgeon,3732,"Surgical Scissors, Catheter"
Surgeon,6931,Bandages
Procurement Officer,18290,"Stethoscope, Syringe, Oxygen Mask"
Procurement Officer,8452,"Surgical Scissors, Disinfectant, Surgical Gloves, Bandages, Face Masks"
Clinic,12396,"Surgical Scissors, Thermometer, Monitor, Face Masks, Oxygen Mask"
Hospital,20901,"Surgical Scissors, Monitor, Surgical Lights"
Hospital,28576,IV Drip
Procurement Officer,14937,"Syringe, Surgical Scissors, Bandages, Disinfectant"
Clinic,12546,"Catheter, Monitor"
Surgeon,3373,"Needle Holder, Oxygen Mask, Scalpel"
Clinic,9196,"Thermometer, Stethoscope, Surgical Gloves, IV Drip"
Procurement Officer,18541,"Catheter, Stethoscope"
Clinic,10796,"Catheter, Face Masks, Blood Pressure Cuff, Monitor, Stethoscope"
Hospital,41604,"Catheter, Blood Pressure Cuff"
Hospital,38278,"Disinfectant, Retractor, Face Masks, Monitor, Catheter"
Clinic,10899,"Retractor, Oxygen Mask, Stethoscope, Disinfectant"
Clinic,7170,"Bandages, Scalpel, Operating Table, Disinfectant"
Surgeon,3548,Surgical Gloves
Hospital,44063,Surgical Lights
Clinic,14268,"Disinfectant, Retractor, Stethoscope"
Clinic,9980,"Sterile Gown, Catheter, Blood Pressure Cuff, Disinfectant, Retractor"
Surgeon,7575,"IV Drip, Disinfectant, Blood Pressure Cuff, Syringe"
Clinic,9065,"Blood Pressure Cuff, Syringe, Sterile Gown, Operating Table, Retractor"
Procurement Officer,17055,"Stethoscope, Bandages"
Procurement Officer,17830,"Stethoscope, IV Drip"
Procurement Officer,17879,"Blood Pressure Cuff, Face Masks, Surgical Scissors"
Procurement Officer,15418,Scalpel
Clinic,10727,"Disinfectant, Scalpel, Oxygen Mask, Sterile Gown, Bandages"
Surgeon,2655,"Face Masks, Surgical Lights, Oxygen Mask, Monitor, Operating Table"
Hospital,21486,"Needle Holder, Surgical Gloves, IV Drip, Monitor"
Surgeon,3595,Catheter
Clinic,13079,"Face Masks, Retractor"
Clinic,13731,Surgical Scissors
Hospital,28083,"Retractor, Surgical Lights, Oxygen Mask, IV Drip"
Hospital,14496,Blood Pressure Cuff
Surgeon,7948,"Oxygen Mask, Retractor, Catheter, Sterile Gown, Bandages"
Clinic,10450,"Oxygen Mask, Surgical Gloves, Sterile Gown, Surgical Scissors"
Procurement Officer,13294,Blood Pressure Cuff
Hospital,42975,"Forceps, Stethoscope, Monitor"
Surgeon,9177,"Oxygen Mask, Sterile Gown, Needle Holder, Surgical Lights, Syringe"
Clinic,8565,"Needle Holder, Oxygen Mask, Surgical Gloves, Syringe"
Hospital,26896,Surgical Lights
Clinic,14090,"Forceps, Disinfectant"
Surgeon,6231,"Surgical Gloves, Sterile Gown, Bandages, Operating Table, Scalpel"
Procurement Officer,16037,"Scalpel, Blood Pressure Cuff, Surgical Scissors"
Procurement Officer,10142,"IV Drip, Oxygen Mask, Sterile Gown"
Clinic,14192,"Syringe, IV Drip"
Clinic,6965,"IV Drip, Bandages, Catheter"
Clinic,13135,"Thermometer, Stethoscope, Oxygen Mask"
Hospital,42287,"Surgical Gloves, Blood Pressure Cuff, Face Masks, Syringe, Retractor"
Surgeon,6033,"Sterile Gown, Syringe, Surgical Scissors, Monitor, Catheter"
Procurement Officer,8638,"Thermometer, Face Masks, Monitor, Disinfectant, Syringe"
Hospital,42930,"Surgical Lights, Surgical Scissors, Needle Holder"
Hospital,43961,"Forceps, Surgical Gloves, Oxygen Mask, IV Drip"
Procurement Officer,14519,Forceps
Surgeon,7019,"Surgical Scissors, Blood Pressure Cuff, Sterile Gown"
Clinic,7413,"Catheter, Forceps, Retractor, Surgical Scissors"
Procurement Officer,11945,"Disinfectant, Retractor"
Surgeon,8998,"Sterile Gown, Needle Holder, Surgical Scissors, Thermometer"
Clinic,4636,"Bandages, Blood Pressure Cuff, Disinfectant"
Procurement Officer,8212,"Thermometer, Syringe"
Hospital,21574,"Syringe, Thermometer, Monitor, Forceps"
Procurement Officer,9915,"Blood Pressure Cuff, Oxygen Mask, Face Masks"
Procurement Officer,6621,"Face Masks, IV Drip"
Surgeon,5903,Needle Holder
Surgeon,4128,"Retractor, Blood Pressure Cuff, Oxygen Mask"
Surgeon,4819,Disinfectant
Hospital,33009,"IV Drip, Oxygen Mask, Blood Pressure Cuff, Surgical Scissors, Operating Table"
Surgeon,4663,"Syringe, Needle Holder, Scalpel, Surgical Lights, Operating Table"
Procurement Officer,15349,"Surgical Scissors, Forceps"
Procurement Officer,15342,"Oxygen Mask, Surgical Lights, Scalpel, Blood Pressure Cuff, Surgical Scissors"
Surgeon,3869,"Forceps, Operating Table, Sterile Gown"
Procurement Officer,9444,"Retractor, Oxygen Mask, Monitor, Needle Holder"
Procurement Officer,7741,"Surgical Gloves, Thermometer"
Clinic,13846,"Scalpel, IV Drip, Surgical Scissors"
Procurement Officer,6687,Scalpel
Procurement Officer,13985,Surgical Gloves
Procurement Officer,13584,Stethoscope
Surgeon,7063,"Scalpel, Surgical Lights"
Surgeon,3878,"Operating Table, Needle Holder"
Clinic,5150,"Surgical Scissors, Surgical Gloves, Face Masks, Retractor, Forceps"
Procurement Officer,12654,"Sterile Gown, Blood Pressure Cuff, Needle Holder, Thermometer, Surgical Scissors"
Procurement Officer,15339,"Disinfectant, Monitor, Blood Pressure Cuff, Operating Table, Retractor"
Procurement Officer,13841,"Scalpel, Needle Holder"
Surgeon,4996,"Sterile Gown, Thermometer, Operating Table, Surgical Gloves"
Hospital,44296,"Retractor, Operating Table"
Procurement Officer,13767,Syringe
Procurement Officer,9908,Disinfectant
Surgeon,6890,"Surgical Gloves, Blood Pressure Cuff"
Surgeon,3544,"Blood Pressure Cuff, Disinfectant, Surgical Lights, Bandages"
Clinic,14713,"Surgical Lights, Bandages, Sterile Gown, Scalpel"
Procurement Officer,15245,"Monitor, Sterile Gown"
Surgeon,7312,"Sterile Gown, Disinfectant, IV Drip, Scalpel, Surgical Scissors"
Clinic,7744,Needle Holder
Procurement Officer,9458,"Syringe, IV Drip, Forceps, Surgical Gloves, Thermometer"
Hospital,45059,Surgical Scissors
Hospital,28488,"Thermometer, Needle Holder, Surgical Gloves"
Clinic,4477,"Surgical Gloves, Syringe"
Clinic,8601,"Operating Table, Syringe, Retractor, Needle Holder"
Hospital,31643,Thermometer
Hospital,27465,"Scalpel, Blood Pressure Cuff, Syringe, Surgical Scissors"
Clinic,7097,"Surgical Gloves, Stethoscope, Bandages, Surgical Lights"
Procurement Officer,9049,IV Drip
Procurement Officer,17047,Monitor
Clinic,10746,"Operating Table, Forceps, Surgical Scissors, Face Masks"
Hospital,26601,"Operating Table, IV Drip, Retractor, Face Masks"
Clinic,4850,"Disinfectant, Forceps"
Hospital,20968,"Oxygen Mask, Stethoscope, Surgical Lights"
Clinic,3146,Oxygen Mask
Procurement Officer,16278,"Thermometer, Retractor, Scalpel, Bandages, Surgical Scissors"
Procurement Officer,6497,"Forceps, Face Masks, Oxygen Mask, Retractor, Thermometer"
Hospital,18246,"Bandages, Forceps, Blood Pressure Cuff, Retractor"
Procurement Officer,17012,"Surgical Gloves, Surgical Lights"
Surgeon,7934,"Sterile Gown, Face Masks"
Procurement Officer,16577,"Blood Pressure Cuff, Operating Table, Catheter, Syringe"
Clinic,12284,"Blood Pressure Cuff, Retractor"
Surgeon,7999,"Sterile Gown, Blood Pressure Cuff, Surgical Scissors, Scalpel"
Clinic,10362,"Sterile Gown, Blood Pressure Cuff, Retractor"
Procurement Officer,5011,"Surgical Lights, Surgical Scissors, Surgical Gloves, Retractor, Bandages"
Surgeon,7906,Blood Pressure Cuff
Procurement Officer,8110,"Syringe, Blood Pressure Cuff, Thermometer, Operating Table, Forceps"
Procurement Officer,15500,"Stethoscope, Catheter, Monitor"
Hospital,12868,"Surgical Scissors, Face Masks"
Clinic,4753,"IV Drip, Stethoscope, Face Masks, Surgical Lights"
Procurement Officer,13615,"Oxygen Mask, Sterile Gown, Face Masks, Retractor, Bandages"
Hospital,10857,"Syringe, Scalpel"
Procurement Officer,18123,Retractor
Procurement Officer,18468,"Face Masks, Sterile Gown, Monitor"
Hospital,14612,"Scalpel, IV Drip, Monitor"
Hospital,16633,"Blood Pressure Cuff, Surgical Lights"
Clinic,6164,"Bandages, Oxygen Mask, Surgical Scissors, Disinfectant, Stethoscope"
Surgeon,7525,"Disinfectant, Stethoscope, Surgical Scissors, Blood Pressure Cuff"
Procurement Officer,13268,"Surgical Scissors, Blood Pressure Cuff, Needle Holder"
Surgeon,9393,"Blood Pressure Cuff, Forceps, Retractor"
Procurement Officer,17520,"Forceps, Bandages, Blood Pressure Cuff, IV Drip"
Procurement Officer,17545,"Sterile Gown, Retractor, Needle Holder, Blood Pressure Cuff, Surgical Lights"
Hospital,12271,"Catheter, Surgical Gloves, Monitor"
Clinic,7945,Operating Table
Clinic,6519,"Surgical Gloves, Sterile Gown, Blood Pressure Cuff"
Clinic,4544,Needle Holder
Surgeon,3278,"Sterile Gown, Retractor"
Clinic,6817,"Operating Table, Scalpel, Surgical Lights"
Clinic,4264,"Syringe, Surgical Scissors, Catheter"
Hospital,49009,"Face Masks, Oxygen Mask, Surgical Lights"
Hospital,13664,"Retractor, Disinfectant, Oxygen Mask"
Hospital,24858,"Surgical Gloves, Surgical Lights, Face Masks, Operating Table, Blood Pressure Cuff"
Surgeon,6423,"Thermometer, Forceps, Monitor, Bandages, Catheter"
Hospital,35747,"Catheter, Oxygen Mask, Monitor, Scalpel"
Clinic,10076,"Surgical Lights, Thermometer, Oxygen Mask"
Surgeon,2676,"Oxygen Mask, Face Masks, Blood Pressure Cuff, Surgical Lights"
Surgeon,2696,"Monitor, Disinfectant, Thermometer, Blood Pressure Cuff"
Procurement Officer,14163,"Syringe, Surgical Lights"
Clinic,12194,"Monitor, Bandages, Oxygen Mask, Scalpel, Sterile Gown"
Procurement Officer,10298,"Scalpel, Stethoscope, Disinfectant, Blood Pressure Cuff, Retractor"
Surgeon,3560,"Retractor, Surgical Gloves, Operating Table"
Clinic,8729,"Needle Holder, Thermometer, Catheter, Face Masks, Bandages"
Clinic,14228,"Thermometer, Scalpel, Stethoscope"
Hospital,25928,"Thermometer, Operating Table, Surgical Gloves, Forceps, Stethoscope"
Surgeon,5686,"Surgical Gloves, Forceps, IV Drip, Blood Pressure Cuff"
Clinic,11952,"Sterile Gown, Blood Pressure Cuff, Syringe, Thermometer, Surgical Gloves"
Procurement Officer,14551,"Face Masks, Sterile Gown, Surgical Scissors, Catheter, Operating Table"
Clinic,14411,"Sterile Gown, Face Masks, Needle Holder, Surgical Gloves, Scalpel"
Procurement Officer,15819,"Retractor, Stethoscope, Surgical Gloves"
Surgeon,9105,"Bandages, Surgical Lights, Monitor, Stethoscope"
Surgeon,5970,"Blood Pressure Cuff, Scalpel, Surgical Scissors, IV Drip, Needle Holder"
Hospital,12605,"Monitor, Operating Table"
Surgeon,6013,"Surgical Scissors, Surgical Gloves, Retractor, Blood Pressure Cuff"
Surgeon,7121,"Bandages, Monitor, Sterile Gown"
Hospital,26887,"Surgical Gloves, Blood Pressure Cuff, Sterile Gown, Bandages"
Clinic,8599,"Thermometer, Scalpel, Surgical Lights, Monitor"
Clinic,9837,"Oxygen Mask, Thermometer"
Procurement Officer,10118,"Forceps, Needle Holder, Blood Pressure Cuff, Thermometer, IV Drip"
Clinic,12519,"IV Drip, Thermometer, Operating Table, Monitor, Oxygen Mask"
Procurement Officer,19893,"Oxygen Mask, Surgical Scissors"
Surgeon,2555,"Blood Pressure Cuff, Stethoscope, Surgical Scissors, Forceps, Thermometer"
Hospital,30885,"Disinfectant, Operating Table, Needle Holder, Sterile Gown"
Clinic,6079,Thermometer
Clinic,3429,"Catheter, Sterile Gown, Bandages, Blood Pressure Cuff, Monitor"
Hospital,33544,Syringe
Clinic,11230,"Syringe, Retractor, Surgical Scissors, Surgical Lights, Catheter"
Procurement Officer,7253,"IV Drip, Bandages"
Hospital,36777,Sterile Gown
Procurement Officer,8646,"IV Drip, Scalpel"
Clinic,10197,"Syringe, Forceps, Needle Holder, Bandages, Disinfectant"
Procurement Officer,17717,Catheter
Procurement Officer,16799,"Surgical Lights, Oxygen Mask, Blood Pressure Cuff"
Hospital,44121,Needle Holder
Procurement Officer,18549,Bandages
Procurement Officer,17045,Blood Pressure Cuff
Procurement Officer,13456,IV Drip
Surgeon,5600,"Operating Table, Catheter, Needle Holder, Surgical Scissors"
Procurement Officer,9823,"Face Masks, Monitor, Thermometer, Needle Holder, Oxygen Mask"
Hospital,42811,Surgical Scissors
Clinic,9440,"Forceps, Needle Holder, Surgical Gloves, Surgical Scissors"
Procurement Officer,14671,"Needle Holder, Scalpel"
Surgeon,4654,"Stethoscope, Scalpel"
Hospital,39451,"Scalpel, Monitor, Surgical Lights"
Clinic,9204,"Surgical Lights, Face Masks, Surgical Scissors, Forceps, Thermometer"
Clinic,5369,"Face Masks, Disinfectant"
Surgeon,4535,"Operating Table, Surgical Scissors, Stethoscope, Thermometer"
Clinic,3057,"Sterile Gown, Surgical Gloves, Needle Holder, Syringe, Monitor"
Hospital,49844,"Bandages, IV Drip, Syringe, Needle Holder"
Procurement Officer,12239,Catheter
Hospital,26037,"Sterile Gown, Blood Pressure Cuff, IV Drip, Face Masks, Surgical Scissors"
Clinic,3902,"Face Masks, Thermometer, Catheter"
Surgeon,4712,Face Masks
Hospital,37325,"Surgical Scissors, Operating Table"
Clinic,10460,"Retractor, Face Masks, Scalpel, Operating Table, Forceps"
Surgeon,9352,"Scalpel, Disinfectant, Blood Pressure Cuff, Catheter"
Surgeon,5856,"Stethoscope, Sterile Gown"
Surgeon,6317,"Monitor, IV Drip, Oxygen Mask, Face Masks"
Hospital,47445,"Scalpel, Syringe, Operating Table, Disinfectant, Forceps"
Surgeon,6304,"Catheter, Retractor, Thermometer, Syringe, Monitor"
Procurement Officer,18237,"Catheter, Bandages"
Surgeon,3585,Stethoscope
Hospital,40466,IV Drip
Procurement Officer,11783,Forceps
Surgeon,6590,"Surgical Gloves, IV Drip"
Surgeon,4084,Operating Table
Surgeon,6150,"Forceps, Surgical Gloves, Stethoscope, Catheter, Monitor"
Procurement Officer,16868,"Catheter, Surgical Gloves, Surgical Scissors, IV Drip, Forceps"
Surgeon,9555,"Syringe, Face Masks, Thermometer, Catheter"
Clinic,13276,"Blood Pressure Cuff, Forceps, Needle Holder, Disinfectant"
Hospital,44149,"Oxygen Mask, Forceps, Blood Pressure Cuff"
Hospital,23648,"Forceps, Retractor, Scalpel, Thermometer, Sterile Gown"
Hospital,32226,"Blood Pressure Cuff, Surgical Scissors, Surgical Lights, Oxygen Mask"
Hospital,30203,"Face Masks, Sterile Gown, Disinfectant"
Hospital,42574,"Retractor, Needle Holder"
Surgeon,3770,"Operating Table, Surgical Scissors, Stethoscope, Retractor, Face Masks"
Clinic,4517,"Monitor, Surgical Gloves, Syringe, Catheter"
Clinic,6116,"Syringe, Monitor, Operating Table"
Surgeon,3173,Monitor
Clinic,6361,Needle Holder
Procurement Officer,16692,"Stethoscope, Surgical Gloves, Operating Table, Face Masks, Scalpel"
Surgeon,5824,Stethoscope
Surgeon,2184,"Operating Table, IV Drip, Forceps, Oxygen Mask, Monitor"
Surgeon,4266,"Forceps, Needle Holder, Stethoscope, Sterile Gown, Thermometer"
